4651
189	254	1	0	0
336	2798	1	1	1
2800	3732	1	2	2
3733	5019	1	3	3
5233	5529	1	4	4
5682	6458	2	5	5
6528	7958	2	6	6
8237	9190	1	7	7
9305	9892	1	8	8
9927	10493	2	9	9
10642	11355	2	10	10
10829	11314	1	11	11
11381	11785	2	12	12
12162	14078	1	13	13
14167	15297	1	14	14
15444	16556	1	15	15
16750	16902	2	17	17
16750	16959	2	16	16
16951	17009	1	18	18
17488	18654	1	19	19
18714	19619	1	20	20
19810	20313	2	21	21
20232	20507	2	22	22
20814	21077	2	23	23
21180	21398	1	24	24
21406	22347	1	25	25
22390	25206	1	26	26
25206	25700	1	27	27
25825	26274	1	28	28
26276	27226	1	29	29
27292	28206	1	30	30
28373	29194	1	31	31
29650	30798	1	32	32
30816	34037	1	33	33
34299	34694	1	34	34
34780	35370	2	35	35
35376	36161	2	36	36
36270	37823	2	37	37
37897	39114	2	38	38
39243	40385	2	39	39
40416	41930	2	40	40
42402	43172	1	41	41
43187	44128	1	42	42
44179	45465	1	43	43
45462	45749	1	44	44
45806	47137	1	45	45
47245	47775	1	46	46
47768	49630	1	47	47
49822	50301	1	48	48
50379	51221	2	49	49
51228	51605	2	50	50
51608	52429	2	51	51
52426	53415	2	52	52
53415	54701	2	53	53
54754	57108	2	54	54
57363	58178	1	55	55
58473	59123	1	56	56
59120	59278	1	57	57
59686	60345	2	58	58
60357	63263	2	59	59
63428	65779	2	60	60
65854	66549	2	61	61
66834	68336	2	62	62
68347	70047	2	63	63
70386	71264	1	64	64
71350	72114	1	65	65
72228	72926	2	66	66
72910	74520	2	67	67
74496	75479	2	68	68
75515	75607	2	69	69
75643	77298	2	70	70
77366	77592	1	71	71
77387	77518	1	72	72
77620	78798	1	73	73
78847	79452	2	74	74
79463	80863	2	75	75
80866	81957	2	76	76
81957	83528	2	77	77
83621	83707	2	78	78
84367	85311	1	79	79
85466	85510	2	80	80
85629	87353	1	81	81
87356	87847	1	82	82
88027	89031	1	83	83
89633	90091	1	84	84
90093	91034	1	85	85
91031	91396	1	86	86
91412	93178	1	87	87
92484	92657	1	88	88
93165	94652	1	89	89
94649	96007	1	90	90
96001	97083	1	91	91
97086	98402	1	92	92
98402	99646	1	93	93
99643	100710	1	94	94
100764	102239	1	95	95
102232	103152	1	96	96
103154	103984	1	97	97
103981	105243	1	98	98
104947	105498	2	99	99
105304	106455	1	100	100
106556	107473	1	101	101
107704	108216	1	102	102
108278	110983	1	103	103
111043	111432	1	104	104
111648	111845	2	105	105
111855	112598	2	106	106
112598	113218	2	107	107
113243	113287	1	108	108
113443	114486	1	109	109
114521	115723	2	110	110
115713	117098	2	111	111
117108	117548	2	112	112
117751	118644	2	113	113
118732	119283	1	114	114
119280	120134	1	115	115
120177	121550	2	116	116
122091	122855	1	117	117
123016	125679	1	118	118
125694	127586	1	119	119
127911	129335	1	120	120
129406	131259	2	121	121
131614	134211	1	122	122
134387	134749	1	123	123
134787	135581	2	124	124
135597	136463	2	125	125
136569	136916	2	126	126
137082	138632	1	127	127
138834	141224	2	128	128
141430	141966	1	129	129
142007	142669	2	130	130
142778	143704	1	131	131
143701	144471	1	132	132
144576	145016	1	133	133
145080	146309	1	134	134
146313	146693	2	135	135
146967	147869	1	136	136
147943	148794	2	137	137
148806	149600	2	138	138
149714	150952	2	139	139
151002	151598	2	140	140
151625	152230	2	141	141
152242	152811	2	142	142
152828	155425	2	143	143
155460	156200	2	144	144
156298	156882	2	145	145
157252	157731	2	146	146
157728	159125	2	147	147
159185	160111	2	148	148
160148	160603	2	149	149
160781	161485	2	150	150
161500	162030	2	151	151
162104	164533	1	152	152
164729	167263	1	153	153
167483	169726	1	154	154
169777	170574	1	155	155
170574	171464	1	156	156
171461	173443	1	157	157
173601	174881	2	158	158
175047	175094	1	159	159
175106	176527	1	160	160
176551	176616	1	161	161
176609	176953	1	162	162
177000	177623	2	163	163
177661	178461	2	164	164
178454	179152	2	165	165
179236	180753	1	166	166
180883	182307	1	167	167
182462	183619	1	168	168
183708	184094	2	169	169
184256	185068	2	170	170
185122	185946	2	171	171
185977	188649	2	172	172
188711	189505	2	173	173
189711	189846	1	174	174
189873	190598	1	175	175
190856	191707	1	176	176
191854	192579	1	177	177
192871	193428	1	178	178
193520	194716	1	179	179
194783	194843	1	180	180
194902	195663	1	181	181
195676	196533	1	182	182
196545	197897	1	183	183
197927	200359	1	184	184
200481	200966	1	185	185
200970	201995	1	186	186
202100	202555	1	187	187
202559	203347	1	188	188
203347	204495	1	189	189
204492	205088	1	190	190
205125	208607	1	191	191
208620	209579	1	192	192
209678	211819	1	193	193
211876	212265	1	194	194
212330	213628	1	195	195
213677	213931	2	196	196
213924	214124	2	197	197
214290	214835	1	198	198
214832	215254	1	199	199
215268	215978	1	200	200
216178	217002	2	201	201
217056	218774	2	202	202
218886	219593	2	203	203
219590	219994	2	204	204
220112	220927	2	205	205
220967	221620	2	206	206
221613	222644	2	207	207
222832	223407	1	208	208
223770	225311	1	209	209
225380	225456	1	210	210
225499	225574	1	211	211
225758	228661	1	212	212
228755	228874	1	213	213
228927	229003	1	214	214
229166	229969	1	215	215
229966	230880	2	216	216
231121	231921	1	217	217
231925	232548	1	218	218
232596	233954	2	219	219
234026	234781	2	220	220
234287	234319	1	221	221
234815	235537	1	222	222
235534	236001	2	223	223
236066	236797	1	224	224
236930	237006	1	225	225
237334	238119	1	226	226
238256	238735	2	227	227
238745	239083	2	228	228
239189	239377	1	229	229
239418	240188	2	230	230
240342	240815	1	231	231
240858	243302	2	232	232
243542	244120	1	233	233
244326	245093	1	234	234
245064	245804	2	235	235
245960	246238	2	236	236
246241	246501	2	237	237
246711	247460	1	238	238
247636	248133	1	239	239
248357	250069	2	240	240
250071	250826	1	241	241
250897	251952	1	242	242
252004	252297	1	243	243
252300	252698	1	244	244
252708	253160	1	245	245
253466	253732	1	246	246
253701	254201	1	247	247
254258	255715	2	248	248
255976	256434	1	249	249
256526	257770	1	250	250
257828	259005	1	251	251
257922	258425	2	252	252
258344	258619	2	253	253
259044	260099	2	254	254
260387	261490	1	255	255
261502	262755	1	256	256
262870	262945	1	257	257
263149	263211	2	258	258
263327	263668	2	259	259
263689	264006	2	260	260
264025	264246	2	261	261
264255	264731	2	262	262
264747	265205	2	263	263
265303	265542	2	264	264
265619	266086	2	265	265
266109	266552	2	266	266
266552	266773	2	267	267
266775	266966	2	268	268
267183	268004	2	269	269
268096	268959	2	270	270
269288	270181	2	271	271
270277	272189	1	272	272
270602	271753	1	273	273
272579	272653	1	274	274
272846	273991	1	275	275
274100	275080	2	276	276
275324	276727	1	277	277
276714	277646	1	278	278
277755	278801	2	279	279
278813	279161	2	280	280
279177	279680	2	281	281
279599	279874	2	282	282
279930	280103	1	283	283
280113	280361	2	284	284
280384	280734	2	285	285
280828	281982	2	286	286
282277	283185	1	287	287
283200	285167	1	288	288
285394	286776	1	289	289
286788	288398	1	290	290
288403	289161	2	291	291
289300	290304	2	292	292
290274	290369	2	293	293
290509	290637	1	294	294
290648	291151	2	295	295
291070	291345	2	296	296
291499	292230	1	297	297
292321	292947	2	298	298
293219	293917	2	299	299
293944	294798	2	300	300
294917	295141	2	301	301
295138	295578	2	302	302
295695	297095	2	303	303
297380	297790	2	304	304
297769	298725	2	305	305
298735	300933	2	306	306
300930	301886	2	307	307
301883	302572	2	308	308
302990	303604	1	309	309
303852	304181	2	310	310
304494	305204	2	311	311
305173	306816	2	312	312
306806	309331	2	313	313
309357	310025	2	314	314
310083	310670	2	315	315
310745	311335	2	316	316
312111	312338	1	317	317
312373	312513	2	318	318
312513	312776	2	319	319
313140	313241	2	320	320
313715	313804	2	321	321
314356	315243	1	322	322
315290	315589	1	323	323
315586	316452	1	324	324
316449	317135	2	325	325
317438	317566	1	326	326
317725	318318	2	327	327
318330	318566	2	328	328
318675	320000	2	329	329
320226	321080	1	330	330
321607	322326	1	331	331
322337	323764	1	332	332
323757	324452	1	333	333
324695	325363	2	334	334
325576	327246	2	335	335
327260	328732	2	336	336
328746	329333	2	337	337
329462	331495	1	338	338
331801	331875	1	339	339
332370	333458	1	340	340
333500	334432	2	341	341
334524	335021	2	342	342
335279	335884	1	343	343
335924	336787	1	344	344
336777	338324	1	345	345
338324	339742	1	346	346
339768	340088	1	347	347
340164	341114	1	348	348
341124	342506	1	349	349
342883	343932	1	350	350
344175	344990	1	351	351
345251	345433	1	352	352
345403	345648	1	353	353
345665	346336	2	354	354
346483	346758	1	355	355
346856	348442	2	356	356
348681	349571	1	357	357
350011	351180	1	358	358
351214	352665	1	359	359
352705	354591	1	360	360
354921	356180	1	361	361
356170	357453	1	362	362
357790	358689	2	363	363
358798	359457	1	364	364
359488	359958	1	365	365
359991	361145	1	366	366
361248	361859	2	367	367
361925	363178	2	368	368
363230	366304	2	369	369
366427	367509	2	370	370
367586	368419	2	371	371
368610	370274	1	372	372
370276	371220	1	373	373
371238	372104	1	374	374
372114	372923	1	375	375
372920	373870	1	376	376
373867	374880	1	377	377
375458	376669	1	378	378
376771	377310	1	379	379
377534	378367	2	380	380
378461	379570	2	381	381
379605	379880	2	382	382
380068	380841	2	383	383
380843	382871	2	384	384
381350	381715	1	385	385
381673	382578	1	386	386
382738	383934	2	387	387
383959	384078	1	388	388
384058	384615	2	389	389
385231	386193	1	390	390
386206	386973	1	391	391
386970	387797	1	392	392
387794	388645	1	393	393
388752	389726	2	394	394
390250	394417	1	395	395
391591	391647	2	396	396
391738	392604	2	397	397
392601	392900	2	398	398
394505	395128	1	399	399
395129	396286	2	400	400
396638	397858	1	401	401
397871	398965	1	402	402
399024	399332	2	403	403
399592	399804	1	404	404
399828	400922	2	405	405
401385	401645	1	406	406
401746	403161	1	407	407
403280	403600	1	408	408
403702	404817	1	409	409
404834	405643	2	410	410
405763	406221	1	411	411
406404	406928	1	412	412
406978	407169	1	413	413
407427	408104	1	414	414
408176	408460	1	415	415
408608	408949	1	416	416
408946	409029	1	417	417
409107	410018	2	418	418
410143	411051	1	419	419
411296	412480	2	420	420
412606	415752	2	421	421
415749	416951	2	422	422
417141	417830	1	423	423
417888	419183	1	424	424
419590	420909	1	425	425
420985	422358	1	426	426
422517	424331	1	427	427
424336	424917	2	428	428
425010	426080	1	429	429
426136	427263	1	430	430
427286	427618	1	431	431
427646	429493	1	432	432
429504	430475	1	433	433
430604	430951	1	434	434
431128	432012	2	435	435
432311	432850	2	436	436
433001	433450	1	437	437
433454	434557	1	438	438
434646	435116	1	439	439
435136	435555	1	440	440
435633	436610	1	441	441
436588	437106	1	442	442
437160	438134	2	443	443
438314	440176	2	444	444
440201	441100	2	445	445
441100	441342	2	446	446
441548	442996	1	447	447
443050	443640	2	448	448
443603	444514	2	449	449
444682	445173	1	450	450
445301	446665	2	451	451
446814	447704	2	452	452
447716	448045	2	453	453
448045	448659	2	454	454
448649	450640	2	455	455
450662	451609	2	456	456
452069	453544	2	457	457
453588	454166	2	458	458
454471	454788	1	459	459
455132	456430	1	460	460
456676	457299	1	461	461
457425	458699	1	462	462
458887	461241	1	463	463
461450	461722	1	464	464
461914	463785	1	465	465
463936	464307	1	466	466
464401	464799	1	467	467
464851	465546	2	468	468
465611	467311	2	469	469
467411	468229	1	470	470
468382	468840	1	471	471
468870	470642	1	472	472
470635	472416	1	473	473
472597	472935	1	474	474
472965	474251	1	475	475
474300	475160	2	476	476
475378	475950	1	477	477
475981	476370	2	478	478
476447	476560	1	479	479
476671	477024	1	480	480
477066	478616	2	481	481
478780	479250	2	482	482
479366	479917	2	483	483
480089	480307	2	484	484
480333	480707	2	485	485
481253	484402	2	486	486
484425	485618	2	487	487
485760	486407	1	488	488
486535	489897	1	489	489
490109	490270	2	490	490
490284	490811	2	491	491
490881	491258	1	492	492
491411	491962	1	493	493
492091	494022	1	494	494
494075	494404	1	495	495
494404	495009	1	496	496
495119	496993	1	497	497
497174	497818	1	498	498
498054	499016	1	499	499
499013	499972	2	500	500
500124	501428	1	501	501
501561	503237	2	502	502
503475	504695	2	503	503
504913	506565	1	504	504
506602	507081	2	505	505
507203	507286	1	506	506
507285	508079	2	507	507
508217	508558	1	508	508
508874	511378	2	509	509
511640	512572	1	510	510
512575	513867	1	511	511
513992	514399	1	512	512
514400	514858	2	513	513
514855	515772	2	514	514
515918	516595	1	515	515
516582	517361	1	516	516
517424	518278	2	517	517
518339	519148	2	518	518
519138	519764	2	519	519
519732	520418	1	520	520
520415	522829	1	521	521
523260	527540	1	522	522
527580	527948	1	523	523
527948	528658	1	524	524
528639	529129	1	525	525
529496	529591	1	526	526
529644	530015	2	527	527
530131	531225	2	528	528
531294	532220	2	529	529
532450	532932	1	530	530
533010	533825	1	531	531
533628	533862	1	532	532
533915	535696	1	533	533
535709	536485	1	534	534
536585	537463	1	535	535
537632	539086	1	536	536
539146	540507	1	537	537
540564	541865	1	538	538
541887	543032	1	539	539
543260	544045	2	540	540
544056	545291	2	541	541
545313	546362	2	542	542
546679	548346	1	543	543
548356	549615	1	544	544
549626	550441	1	545	545
550438	551331	1	546	546
551526	552593	2	547	547
552590	553099	2	548	548
553217	553939	2	549	549
553942	554436	2	550	550
554610	555995	1	551	551
556031	556552	2	552	552
556660	556872	2	553	553
556874	557740	2	554	554
558211	558753	1	555	555
558973	559665	1	556	556
559696	562299	1	557	557
562335	563318	1	558	558
563329	563844	1	559	559
563847	564479	2	560	560
564722	564798	1	561	561
564814	565977	2	562	562
565857	566078	2	563	563
566097	566360	2	564	564
566375	566686	1	565	565
566683	568246	1	566	566
566841	567140	1	567	567
567137	568003	1	568	568
568314	568646	1	569	569
568694	568843	1	570	570
568901	570427	1	571	571
570892	571443	1	572	572
571453	572250	1	573	573
572367	572468	1	574	574
572465	572920	1	575	575
572920	573090	1	576	576
573083	573373	1	577	577
573370	573732	1	578	578
573729	573869	1	579	579
573955	574338	1	580	580
574528	576824	2	581	581
574736	575716	2	582	582
577397	577612	1	583	583
577612	578109	1	584	584
578106	578567	1	585	585
578326	578508	1	586	586
578599	578892	2	587	587
579183	579593	2	588	588
579879	580085	1	589	589
580250	580444	2	590	590
580833	581378	1	591	591
581353	581661	1	592	592
581533	582096	1	593	593
582151	582805	2	594	594
582874	583059	1	595	595
583680	584429	1	596	596
584679	585632	2	597	597
586146	586907	2	598	598
587090	587980	2	599	599
587981	590953	2	600	600
590940	593177	2	601	601
593327	594769	2	602	602
594759	595442	2	603	603
595599	596972	1	604	604
597130	597462	1	605	605
597478	598701	1	606	606
598713	601856	1	607	607
601958	603334	1	608	608
603415	604662	2	609	609
604770	605423	2	610	610
605517	605885	2	611	611
605950	606198	2	612	612
606264	607382	2	613	613
607732	607791	2	614	614
607835	607987	1	615	615
608064	609176	1	616	616
609458	610078	2	617	617
610253	612493	2	618	618
612736	613938	1	619	619
613941	614159	1	620	620
614156	618037	1	621	621
618253	619386	1	622	622
619383	620198	2	623	623
620195	621187	2	624	624
621184	622188	2	625	625
622299	623549	1	626	626
623553	624509	2	627	627
624884	626059	1	628	628
626069	627679	1	629	629
627693	628550	1	630	630
628550	629296	1	631	631
629299	629712	1	632	632
629893	631998	1	633	633
632181	632378	1	634	634
632388	633476	2	635	635
633585	634745	1	636	636
634746	635375	2	637	637
635348	636568	2	638	638
636715	637617	2	639	639
637826	638572	2	640	640
638944	639507	1	641	641
639752	641317	1	642	642
641438	641866	2	643	643
642087	643325	1	644	644
643329	643418	2	645	645
643556	643966	2	646	646
644196	645002	2	647	647
645116	646579	2	648	648
646630	647508	2	649	649
647483	648034	2	650	650
648038	649570	2	651	651
649581	650489	2	652	652
650486	650782	2	653	653
650797	651855	2	654	654
652234	653892	1	655	655
653861	654541	1	656	656
654582	655967	2	657	657
656556	657116	1	658	658
657291	657500	1	659	659
657554	657937	2	660	660
658030	658817	1	661	661
658946	659149	1	662	662
659250	660215	2	663	663
660424	661377	2	664	664
661636	662277	2	665	665
662378	662641	2	666	666
662751	663962	2	667	667
664101	665189	2	668	668
665200	666312	2	669	669
666315	668216	2	670	670
668247	668714	2	671	671
668718	669035	2	672	672
669295	669906	2	673	673
669930	670571	2	674	674
670573	671604	2	675	675
671604	672185	2	676	676
672200	674782	2	677	677
675017	675499	1	678	678
675569	676546	2	679	679
676710	677417	1	680	680
677414	678841	1	681	681
678851	679405	2	682	682
679507	680214	1	683	683
680211	681662	1	684	684
681722	683392	2	685	685
683476	684411	2	686	686
684529	685254	2	687	687
685254	685928	2	688	688
685928	686668	2	689	689
686680	686842	2	690	690
686838	687746	2	691	691
687996	688976	2	692	692
689342	690880	2	693	693
690905	691783	2	694	694
691873	692340	2	695	695
692337	693377	2	696	696
693530	694954	2	697	697
695100	696275	1	698	698
696429	696503	2	699	699
696541	696615	2	700	700
696663	696739	2	701	701
696755	696829	2	702	702
696864	696938	2	703	703
696962	697046	2	704	704
697056	697132	2	705	705
697512	699176	2	706	706
699573	700325	2	707	707
700373	701593	2	708	708
701602	702750	2	709	709
702810	703610	2	710	710
703943	705889	1	711	711
706092	707756	1	712	712
708235	708332	1	713	713
708333	709739	1	714	714
709789	710115	1	715	715
710199	710645	2	716	716
710638	710724	2	717	717
710934	711464	2	718	718
711604	711897	2	719	719
712037	712801	2	720	720
712986	713531	1	721	721
713557	715197	1	722	722
715411	715905	1	723	723
715946	716596	2	724	724
716720	716869	2	725	725
716945	718264	2	726	726
718261	720459	2	727	727
720717	720821	2	728	728
721055	721732	2	729	729
721729	724413	2	730	730
724406	724978	2	731	731
724987	727035	2	732	732
727058	728731	2	733	733
728731	728820	2	734	734
729133	729339	1	735	735
729582	733775	1	736	736
733775	734101	1	737	737
734219	735652	1	738	738
735649	736218	1	739	739
736444	736698	1	740	740
736899	737960	1	741	741
738091	738852	1	742	742
739000	739509	1	743	743
739506	740924	1	744	744
741074	742555	2	745	745
742826	743569	1	746	746
743592	744248	1	747	747
744242	745174	1	748	748
745164	745898	1	749	749
745934	746725	1	750	750
746722	747768	2	751	751
747920	748981	2	752	752
748978	749706	2	753	753
749721	752168	2	754	754
752228	752794	2	755	755
753184	754467	2	756	756
754657	754689	2	757	757
754673	754780	2	758	758
755176	755565	1	759	759
755559	755906	1	760	760
755906	757672	1	761	761
757688	758404	1	762	762
758705	761506	1	763	763
761521	762738	1	764	764
763013	764179	1	765	765
764179	765048	1	766	766
765049	765149	1	767	767
765152	765874	2	768	768
765983	767959	1	769	769
767977	770610	1	770	770
771457	773025	1	771	771
773041	774180	1	772	772
774195	774308	1	773	773
774308	774601	1	774	774
774751	775155	1	775	775
775152	775844	1	776	776
775848	776276	1	777	777
776341	777606	1	778	778
777739	779031	1	779	779
779066	779587	1	780	780
779597	780388	1	781	781
780553	780628	1	782	782
780764	780839	1	783	783
780842	780917	1	784	784
781067	781142	1	785	785
781146	781221	1	786	786
781368	781443	1	787	787
781576	781651	1	788	788
782084	783127	1	789	789
783165	783884	1	790	790
783881	784822	2	791	791
784936	785316	2	792	792
785632	786684	1	793	793
786842	787594	2	794	794
787796	788836	2	795	795
788830	789978	2	796	796
789982	791028	2	797	797
791038	792054	2	798	798
792315	793787	2	799	799
793855	794643	2	800	800
794772	794921	1	801	801
795088	795861	1	802	802
795861	796550	1	803	803
796553	797611	1	804	804
797612	798430	2	805	805
798585	799580	1	806	806
799621	800574	2	807	807
800758	801810	1	808	808
801886	803319	1	809	809
803502	805763	1	810	810
805997	807280	2	811	811
807432	807908	2	812	812
807967	809256	2	813	813
809343	810383	1	814	814
810380	811534	1	815	815
811521	812276	1	816	816
812269	812946	1	817	817
813525	815546	1	818	818
815738	816646	2	819	819
817043	818032	1	820	820
818054	818566	1	821	821
818569	819054	1	822	822
819047	819292	1	823	823
819294	819746	1	824	824
819883	820587	1	825	825
820792	821505	1	826	826
821541	822497	2	827	827
822497	823738	2	828	828
823735	824496	2	829	829
824629	825039	1	830	830
825001	826107	2	831	831
826118	827251	2	832	832
827244	828980	2	833	833
828973	829971	2	834	834
829971	830642	2	835	835
830871	832235	1	836	836
832467	832949	2	837	837
833069	835219	1	838	838
835247	836209	1	839	839
836350	837435	1	840	840
837434	837530	2	841	841
837502	837561	1	842	842
837664	837924	2	843	843
838189	838455	2	844	844
838529	839206	2	845	845
839248	841530	2	846	846
841795	842055	2	847	847
842331	843257	1	848	848
843254	845479	2	849	849
845740	846462	2	850	850
846459	847118	2	851	851
847257	848003	2	852	852
848407	848910	2	853	853
849209	850096	2	854	854
850331	850396	1	855	855
850449	850964	1	856	856
851013	852596	2	857	857
852724	853063	2	858	858
852868	852996	2	859	859
853182	853649	1	860	860
853646	854764	1	861	861
854823	855743	2	862	862
855962	857554	1	863	863
857795	859060	2	864	864
859212	860027	2	865	865
860173	862605	2	866	866
862611	863510	2	867	867
863641	864303	1	868	868
864379	865128	2	869	869
865128	866363	2	870	870
866567	867532	1	871	871
867519	869390	1	872	872
869410	870948	1	873	873
870966	871886	1	874	874
871889	872800	1	875	875
872978	875326	1	876	876
875334	876662	1	877	877
876709	878034	2	878	878
878247	878630	1	879	879
878741	879856	1	880	880
879853	880479	2	881	881
880726	881928	1	882	882
881975	882733	2	883	883
882791	883387	2	884	884
883672	884904	1	885	885
884945	885229	2	886	886
885315	886130	2	887	887
886130	887338	2	888	888
887422	887958	1	889	889
887978	888056	2	890	890
888133	889818	2	891	891
890088	890465	1	892	892
890495	890752	2	893	893
890912	891199	1	894	894
891183	891905	1	895	895
891966	892868	1	896	896
892956	893432	1	897	897
893783	894895	1	898	898
894990	896123	1	899	899
896133	897086	1	900	900
897083	897928	1	901	901
897988	898476	1	902	902
898517	899644	1	903	903
899843	900574	2	904	904
900865	901533	2	905	905
901533	902249	2	906	906
902256	902987	2	907	907
903005	903733	2	908	908
903951	904466	2	909	909
904592	904915	1	910	910
904912	905742	1	911	911
905739	906752	2	912	912
906851	908281	2	913	913
908292	909293	2	914	914
909330	911048	2	915	915
911181	912149	2	916	916
912161	913813	2	917	917
913957	914856	2	918	918
915351	916046	2	919	919
916472	918130	1	920	920
918127	919119	2	921	921
919234	920349	1	922	922
920346	922292	1	923	923
922365	922589	2	924	924
922739	922813	1	925	925
922912	923232	1	926	926
923263	925539	1	927	927
925883	925970	2	928	928
926224	926442	2	929	929
926727	927431	2	930	930
927473	929194	2	931	931
929195	930961	2	932	932
931084	932049	2	933	933
932594	933088	1	934	934
933223	937212	1	935	935
937371	937982	1	936	936
937993	939336	1	937	937
939427	940719	1	938	938
940958	943402	1	939	939
943413	944030	1	940	940
944032	944895	1	941	941
944930	945556	2	942	942
945870	947018	1	943	943
947228	948658	1	944	944
948659	949567	2	945	945
949667	950257	1	946	946
950339	951079	2	947	947
951271	953553	2	948	948
953608	954465	2	949	949
954871	956631	2	950	950
956761	957453	1	951	951
957652	958740	1	952	952
958811	960094	1	953	953
960263	961027	1	954	954
961200	961883	1	955	955
961994	963667	1	956	956
963827	964111	1	957	957
964319	966583	1	958	958
966620	968368	1	959	959
968365	969351	1	960	960
969388	970620	1	961	961
970672	970854	1	962	962
970851	971597	1	963	963
971751	972644	1	964	964
972621	973400	2	965	965
973536	974321	1	966	966
974318	975640	1	967	967
975621	976325	1	968	968
976325	980785	1	969	969
981046	982893	1	970	970
983074	983622	1	971	971
983649	984296	1	972	972
984518	985708	2	973	973
985893	986981	2	974	974
987584	988984	2	975	975
989153	990355	2	976	976
990621	993233	1	977	977
993276	994043	2	978	978
994040	994831	2	979	979
994842	995987	2	980	980
995984	996943	2	981	981
996936	997511	2	982	982
997867	998406	1	983	983
998489	999190	1	984	984
999215	1001815	1	985	985
1001806	1002876	1	986	986
1002888	1003430	1	987	987
1003438	1003953	1	988	988
1003946	1004656	1	989	989
1004767	1005777	1	990	990
1005951	1006493	1	991	991
1006490	1007599	2	992	992
1007843	1009951	1	993	993
1009963	1011870	1	994	994
1012000	1013253	1	995	995
1013258	1014898	1	996	996
1014895	1015458	1	997	997
1015714	1015881	1	998	998
1015951	1016469	2	999	999
1016538	1018298	2	1000	1000
1018484	1018936	1	1001	1001
1019012	1020052	2	1002	1002
1020409	1020918	2	1003	1003
1021137	1021766	1	1004	1004
1021729	1023882	2	1005	1005
1023901	1024347	2	1006	1006
1024470	1026524	1	1007	1007
1026556	1027014	2	1008	1008
1027110	1027772	2	1009	1009
1027945	1028358	1	1010	1010
1028403	1028720	2	1011	1011
1028778	1029968	2	1012	1012
1030063	1030341	1	1013	1013
1030338	1030667	2	1014	1014
1030758	1031417	2	1015	1015
1031624	1031711	2	1016	1016
1032138	1033256	1	1017	1017
1033253	1035046	1	1018	1018
1035065	1035772	1	1019	1019
1035769	1036356	1	1020	1020
1036353	1036751	1	1021	1021
1036748	1037605	1	1022	1022
1037739	1039283	1	1023	1023
1039295	1040431	1	1024	1024
1040444	1040536	1	1025	1025
1040616	1041914	1	1026	1026
1042029	1044209	2	1027	1027
1044229	1044675	2	1028	1028
1044663	1045802	2	1029	1029
1045848	1047944	2	1030	1030
1047944	1048690	2	1031	1031
1048687	1049331	2	1032	1032
1049438	1049743	2	1033	1033
1049832	1050107	1	1034	1034
1050026	1050529	1	1035	1035
1050962	1051174	2	1036	1036
1051460	1051672	1	1037	1037
1051683	1051871	1	1038	1038
1051846	1052076	1	1039	1039
1052066	1052239	1	1040	1040
1052288	1053361	2	1041	1041
1053433	1056177	2	1042	1042
1056260	1057288	1	1043	1043
1057261	1057953	2	1044	1044
1058083	1059255	1	1045	1045
1059255	1061801	1	1046	1046
1061798	1062397	1	1047	1047
1062549	1062854	2	1048	1048
1062854	1063774	2	1049	1049
1064035	1065291	1	1050	1050
1065584	1066825	1	1051	1051
1066863	1067090	2	1052	1052
1067111	1067707	2	1053	1053
1068080	1068253	1	1054	1054
1068510	1069838	2	1055	1055
1069859	1070353	2	1056	1056
1070364	1070954	2	1057	1057
1070964	1071764	2	1058	1058
1071772	1072158	2	1059	1059
1072170	1072862	2	1060	1060
1072862	1074010	2	1061	1061
1074241	1074879	1	1062	1062
1074919	1078881	2	1063	1063
1079119	1079145	1	1064	1064
1079304	1080812	1	1065	1065
1081355	1082184	1	1066	1066
1082242	1083369	1	1067	1067
1083375	1084646	1	1068	1068
1084991	1086055	1	1069	1069
1086105	1086518	2	1070	1070
1086520	1087845	2	1071	1071
1087838	1089856	2	1072	1072
1089865	1092288	2	1073	1073
1092875	1094233	1	1074	1074
1094274	1095140	2	1075	1075
1095137	1095436	2	1076	1076
1095543	1095845	1	1077	1077
1095842	1096828	1	1078	1078
1097564	1097651	2	1079	1079
1097885	1098823	1	1080	1080
1098878	1099615	1	1081	1081
1099639	1100193	1	1082	1082
1100295	1100786	1	1083	1083
1100850	1101683	2	1084	1084
1101710	1102126	2	1085	1085
1102151	1102540	2	1086	1086
1102545	1103195	2	1087	1087
1103950	1104405	1	1088	1088
1104446	1104901	1	1089	1089
1104960	1105292	1	1090	1090
1105413	1105724	1	1091	1091
1105819	1106352	1	1092	1092
1106354	1107775	1	1093	1093
1107783	1108940	2	1094	1094
1109334	1110869	1	1095	1095
1110862	1113405	1	1096	1096
1113578	1113805	1	1097	1097
1113806	1114180	2	1098	1098
1114263	1115489	2	1099	1099
1115661	1116581	2	1100	1100
1116806	1117858	1	1101	1101
1117900	1118475	2	1102	1102
1118479	1119045	2	1103	1103
1119306	1119446	2	1104	1104
1119467	1120585	2	1105	1105
1120700	1120954	2	1106	1106
1121241	1121486	2	1107	1107
1121560	1122606	2	1108	1108
1122712	1123272	2	1109	1109
1123406	1124053	2	1110	1110
1124117	1125325	2	1111	1111
1125561	1126145	1	1112	1112
1126156	1126803	1	1113	1113
1126805	1127728	1	1114	1114
1127838	1129373	1	1115	1115
1129413	1129829	2	1116	1116
1129834	1130127	2	1117	1117
1130203	1130862	2	1118	1118
1131017	1131433	1	1119	1119
1131437	1131841	1	1120	1120
1131853	1132548	1	1121	1121
1132573	1133781	1	1122	1122
1133801	1134556	1	1123	1123
1134728	1135510	1	1124	1124
1135563	1136261	1	1125	1125
1136273	1137370	1	1126	1126
1137370	1138311	1	1127	1127
1138377	1140020	1	1128	1128
1140032	1140985	1	1129	1129
1140985	1141062	1	1130	1130
1141181	1144366	2	1131	1131
1144501	1144821	1	1132	1132
1144939	1145898	1	1133	1133
1146010	1146594	2	1134	1134
1146588	1146756	1	1135	1135
1146793	1147314	1	1136	1136
1147366	1147539	1	1137	1137
1147620	1148690	1	1138	1138
1148758	1149711	1	1139	1139
1149727	1150656	1	1140	1140
1150669	1151403	1	1141	1141
1151614	1151850	1	1142	1142
1151938	1153179	1	1143	1143
1153299	1154108	1	1144	1144
1154111	1155133	1	1145	1145
1155123	1155764	1	1146	1146
1155761	1156765	1	1147	1147
1156776	1157573	1	1148	1148
1157868	1159301	1	1149	1149
1159361	1161550	2	1150	1150
1161884	1162243	1	1151	1151
1162246	1162623	1	1152	1152
1162637	1163278	1	1153	1153
1163259	1164083	1	1154	1154
1164094	1165119	1	1155	1155
1165142	1165684	1	1156	1156
1166084	1167388	1	1157	1157
1167598	1168137	1	1158	1158
1168199	1168831	2	1159	1159
1169072	1169329	1	1160	1160
1169302	1169401	1	1161	1161
1169411	1170373	2	1162	1162
1170517	1173963	2	1163	1163
1174091	1175164	2	1164	1164
1175426	1176625	1	1165	1165
1176618	1177319	1	1166	1166
1177319	1178563	1	1167	1167
1178592	1179503	1	1168	1168
1179519	1180358	1	1169	1169
1180478	1181266	2	1170	1170
1181263	1181724	2	1171	1171
1181782	1182828	2	1172	1172
1182825	1183619	2	1173	1173
1183616	1184443	2	1174	1174
1184457	1185593	2	1175	1175
1185843	1187069	1	1176	1176
1187118	1188239	2	1177	1177
1188315	1189775	2	1178	1178
1189775	1190446	2	1179	1179
1190164	1190507	1	1180	1180
1190615	1191985	2	1181	1181
1191989	1192630	2	1182	1182
1192666	1193772	2	1183	1183
1193826	1194287	2	1184	1184
1194297	1194950	2	1185	1185
1195122	1196372	1	1186	1186
1196710	1196781	1	1187	1187
1196866	1197531	2	1188	1188
1197532	1198236	2	1189	1189
1198694	1199587	1	1190	1190
1199678	1200805	2	1191	1191
1200786	1201031	2	1192	1192
1201068	1201379	2	1193	1193
1201496	1201837	1	1194	1194
1201775	1202083	2	1195	1195
1202258	1202932	2	1196	1196
1203023	1203223	1	1197	1197
1203267	1203824	1	1198	1198
1203821	1204159	1	1199	1199
1204169	1204402	1	1201	1201
1204169	1205536	1	1200	1200
1204400	1205536	1	1202	1202
1205548	1205730	1	1203	1203
1205730	1206203	1	1204	1204
1206130	1206921	1	1205	1205
1206912	1207496	1	1206	1206
1207500	1208129	1	1207	1207
1208131	1208544	1	1208	1208
1208516	1209118	2	1209	1209
1209118	1209654	2	1210	1210
1209684	1210238	1	1211	1211
1210345	1211178	1	1212	1212
1211412	1211576	1	1213	1213
1211679	1212002	2	1214	1214
1212259	1212303	2	1215	1215
1212539	1212649	2	1216	1216
1212702	1213106	2	1217	1217
1213327	1214058	2	1218	1218
1214263	1215474	2	1219	1219
1215788	1216024	1	1220	1220
1216067	1216339	1	1221	1221
1216368	1216634	1	1222	1222
1216747	1216995	1	1223	1223
1217327	1218850	1	1224	1224
1218982	1219200	1	1225	1225
1219600	1222247	1	1226	1226
1222304	1222633	2	1227	1227
1222643	1222987	2	1228	1228
1222989	1223162	2	1229	1229
1223263	1223448	1	1230	1230
1223563	1223906	1	1231	1231
1224278	1224544	2	1232	1232
1224548	1225360	2	1233	1233
1225384	1226079	2	1234	1234
1226599	1226967	1	1235	1235
1227070	1227471	2	1236	1236
1227367	1227426	1	1237	1237
1227680	1228006	1	1238	1238
1228078	1228737	1	1239	1239
1228814	1229275	1	1240	1240
1229482	1230393	2	1241	1241
1230766	1231185	1	1242	1242
1231185	1232453	1	1243	1243
1232499	1233029	2	1244	1244
1233175	1234716	2	1245	1245
1234937	1235656	1	1246	1246
1235708	1237240	2	1247	1247
1237570	1238868	1	1248	1248
1238878	1239948	1	1249	1249
1240259	1240462	1	1250	1250
1240334	1242070	2	1251	1251
1242165	1243079	2	1252	1252
1243179	1243790	1	1253	1253
1243792	1244526	2	1254	1254
1244727	1244981	1	1255	1255
1245159	1245599	1	1256	1256
1245678	1247375	2	1257	1257
1247695	1249113	2	1258	1258
1249124	1249756	2	1259	1259
1249767	1250837	2	1260	1260
1251065	1252984	1	1261	1261
1253084	1255951	2	1262	1262
1256720	1257811	2	1263	1263
1257928	1258512	2	1264	1264
1258790	1259068	1	1265	1265
1259123	1260802	2	1266	1266
1260927	1261874	2	1267	1267
1262025	1262876	2	1268	1268
1262876	1263499	2	1269	1269
1263713	1264969	1	1270	1270
1265011	1266093	1	1271	1271
1266093	1266926	1	1272	1272
1266923	1267315	1	1273	1273
1267319	1268128	1	1274	1274
1268164	1269018	1	1275	1275
1269167	1269274	2	1276	1276
1269322	1269388	1	1277	1277
1269702	1269809	2	1278	1278
1269857	1269922	1	1279	1279
1270237	1270344	2	1280	1280
1270392	1270459	1	1281	1281
1270748	1271848	2	1282	1282
1272118	1272348	1	1283	1283
1272506	1273201	1	1284	1284
1273245	1273598	2	1285	1285
1273783	1275177	1	1286	1286
1275178	1275828	2	1287	1287
1275821	1277617	2	1288	1288
1277956	1279347	1	1289	1289
1279336	1279519	1	1290	1290
1279863	1283606	1	1291	1291
1283603	1285141	1	1292	1292
1285138	1285848	1	1293	1293
1285848	1286525	1	1294	1294
1286708	1286983	1	1295	1295
1287065	1287235	2	1296	1296
1287086	1287175	2	1297	1297
1287243	1287327	2	1298	1298
1287537	1287621	2	1299	1299
1287781	1288623	2	1300	1300
1288673	1289131	2	1301	1301
1289244	1290149	1	1302	1302
1290241	1291254	1	1303	1303
1291456	1292364	1	1304	1304
1292508	1292921	2	1305	1305
1293526	1294143	1	1306	1306
1294425	1295321	2	1307	1307
1295445	1298120	2	1308	1308
1298513	1298566	1	1309	1309
1298597	1299244	1	1310	1310
1299566	1300546	1	1311	1311
1301181	1302812	1	1312	1312
1302898	1303818	1	1313	1313
1303833	1304741	1	1314	1314
1304753	1305766	1	1315	1315
1305763	1306767	1	1316	1316
1306820	1307149	2	1317	1317
1307184	1308644	2	1318	1318
1308787	1308960	1	1319	1319
1309015	1310268	2	1320	1320
1310568	1310864	2	1321	1321
1311088	1311807	1	1322	1322
1311847	1312245	2	1323	1323
1312350	1312889	2	1324	1324
1312919	1313662	2	1325	1325
1314019	1314657	1	1326	1326
1314717	1315223	2	1327	1327
1315269	1315769	2	1328	1328
1315855	1316034	2	1329	1329
1316415	1317221	2	1330	1330
1317221	1318414	2	1331	1331
1318426	1319787	2	1332	1332
1319788	1321383	2	1333	1333
1321383	1322945	2	1334	1334
1323037	1323081	2	1335	1335
1323219	1324100	1	1336	1336
1324097	1324717	1	1337	1337
1324745	1326640	1	1338	1338
1326851	1327726	1	1339	1339
1327766	1328356	2	1340	1340
1328353	1329111	2	1341	1341
1329331	1330380	1	1342	1342
1330416	1330667	2	1343	1343
1331047	1333644	1	1344	1344
1333854	1334828	1	1345	1345
1335147	1335287	1	1346	1346
1335290	1335457	1	1347	1347
1335571	1335666	1	1348	1348
1335830	1338505	1	1349	1349
1338569	1339159	2	1350	1350
1339329	1340093	1	1351	1351
1340242	1340550	1	1352	1352
1340557	1341726	1	1353	1353
1341920	1342657	1	1354	1354
1342657	1342983	1	1355	1355
1343109	1343327	2	1356	1356
1343596	1344345	2	1357	1357
1344435	1344608	2	1358	1358
1344646	1344774	1	1359	1359
1344756	1346741	2	1360	1360
1346795	1346899	1	1361	1361
1346977	1348911	2	1362	1362
1348979	1350106	2	1363	1363
1350250	1351038	2	1364	1364
1351406	1351759	2	1365	1365
1351827	1352633	2	1366	1366
1352635	1353627	2	1367	1367
1353627	1354517	2	1368	1368
1354504	1355469	2	1369	1369
1355466	1357109	2	1370	1370
1357422	1357667	2	1371	1371
1357801	1359186	2	1372	1372
1359176	1359340	2	1373	1373
1359489	1360907	2	1374	1374
1361119	1361883	1	1375	1375
1361910	1362467	1	1376	1376
1362742	1364229	1	1377	1377
1364231	1365511	1	1378	1378
1365549	1366814	1	1379	1379
1366934	1367911	2	1380	1380
1368078	1368746	1	1381	1381
1368800	1369024	1	1382	1382
1369024	1369383	1	1383	1383
1369392	1369613	1	1384	1384
1369688	1370002	1	1385	1385
1370215	1371894	1	1386	1386
1371908	1373200	1	1387	1387
1373221	1374102	1	1388	1388
1374089	1374931	1	1389	1389
1374962	1376014	1	1390	1390
1376033	1376821	1	1391	1391
1376831	1377886	1	1392	1392
1377883	1380150	1	1393	1393
1380147	1380806	1	1394	1394
1380820	1381788	1	1395	1395
1381788	1381901	1	1396	1396
1381946	1382851	1	1397	1397
1382962	1383960	2	1398	1398
1384116	1385513	1	1399	1399
1385510	1386571	1	1400	1400
1386719	1388260	1	1401	1401
1388304	1388810	2	1402	1402
1388929	1389894	1	1403	1403
1389869	1390597	2	1404	1404
1390679	1390861	2	1405	1405
1390867	1390932	2	1406	1406
1390932	1391852	2	1407	1407
1391990	1392889	1	1408	1408
1393226	1394839	1	1409	1409
1394890	1395921	2	1410	1410
1396111	1397091	1	1411	1411
1397364	1397621	1	1412	1412
1397671	1398621	2	1413	1413
1398773	1399525	2	1414	1414
1399720	1400235	2	1415	1415
1400246	1401772	2	1416	1416
1401809	1403254	2	1417	1417
1403254	1404564	2	1418	1418
1404740	1405648	1	1419	1419
1405657	1405750	2	1420	1420
1405978	1406541	1	1421	1421
1406562	1407794	2	1422	1422
1407988	1408035	1	1423	1423
1408049	1409032	1	1424	1424
1409128	1409249	1	1425	1425
1409307	1409480	1	1426	1426
1409510	1410883	1	1427	1427
1411012	1411947	2	1428	1428
1411999	1413234	2	1429	1429
1413236	1413451	2	1430	1430
1413530	1413739	2	1431	1431
1413555	1413733	1	1432	1432
1413732	1413926	2	1433	1433
1413983	1414792	2	1434	1434
1414785	1417385	2	1435	1435
1417487	1417762	2	1436	1436
1417837	1418007	2	1437	1437
1418007	1418228	2	1438	1438
1418404	1418501	2	1439	1439
1418670	1419158	1	1440	1440
1419155	1419310	2	1441	1441
1419321	1419455	2	1442	1442
1419764	1420240	2	1443	1443
1420364	1420660	1	1444	1444
1420683	1421105	1	1445	1445
1421118	1421975	1	1446	1446
1421982	1422728	1	1447	1447
1422751	1423311	1	1448	1448
1423344	1423643	1	1449	1449
1423399	1423584	1	1450	1450
1423781	1425238	1	1451	1451
1425376	1425639	1	1452	1452
1425620	1425979	1	1453	1453
1426453	1427481	1	1454	1454
1427388	1428983	1	1455	1455
1427745	1428725	2	1456	1456
1429048	1432410	1	1457	1457
1432410	1432985	1	1458	1458
1433083	1433673	2	1459	1459
1433990	1434223	2	1460	1460
1434292	1434405	2	1461	1461
1434957	1435007	2	1462	1462
1435184	1435618	2	1463	1463
1435759	1436892	2	1464	1464
1437120	1437230	1	1465	1465
1437259	1440783	2	1466	1466
1441057	1441323	1	1467	1467
1441320	1441742	2	1468	1468
1441853	1442842	2	1469	1469
1443050	1445689	1	1470	1470
1445686	1445871	1	1471	1471
1445879	1446205	1	1472	1472
1446377	1447282	2	1473	1473
1447518	1449017	1	1474	1474
1449075	1451348	2	1475	1475
1451596	1453641	2	1476	1476
1453926	1454855	1	1477	1477
1454867	1455154	1	1478	1478
1455163	1455909	1	1479	1479
1455924	1456421	1	1480	1480
1456429	1457499	1	1481	1481
1457496	1458263	1	1482	1482
1458263	1459051	1	1483	1483
1459053	1460480	1	1484	1484
1460470	1460892	1	1485	1485
1460892	1462097	1	1486	1486
1462124	1463437	1	1487	1487
1463538	1464488	1	1488	1488
1464470	1465060	1	1489	1489
1465164	1465229	2	1490	1490
1465391	1474012	1	1491	1491
1467920	1468825	2	1492	1492
1468783	1469148	2	1493	1493
1469357	1470508	1	1494	1494
1474220	1475080	1	1495	1495
1475143	1477449	1	1496	1496
1477620	1478225	1	1497	1497
1478225	1479121	1	1498	1498
1479137	1480894	1	1499	1499
1480908	1482200	1	1500	1500
1482254	1482859	2	1501	1501
1483060	1486962	1	1502	1502
1487234	1488034	1	1503	1503
1488231	1489670	1	1504	1504
1489712	1490712	2	1505	1505
1490901	1491431	1	1506	1506
1491441	1491505	2	1507	1507
1491676	1491849	1	1508	1508
1491875	1491943	1	1509	1509
1491921	1492070	2	1510	1510
1491961	1492128	2	1511	1511
1492118	1492174	1	1512	1512
1492469	1494109	1	1513	1513
1494147	1495070	2	1514	1514
1495287	1496630	1	1515	1515
1496855	1498510	1	1516	1516
1498650	1498874	1	1517	1517
1498937	1499476	1	1518	1518
1499468	1500448	2	1519	1519
1500572	1501564	1	1520	1520
1501561	1502154	1	1521	1521
1502456	1503124	1	1522	1522
1503217	1503648	2	1523	1523
1503656	1504864	1	1524	1524
1504904	1506079	2	1525	1525
1506171	1506707	1	1526	1526
1506780	1508741	1	1527	1527
1508833	1509063	2	1528	1528
1509285	1509461	1	1529	1529
1509507	1509923	1	1530	1530
1510002	1511408	1	1531	1531
1511653	1512798	1	1532	1532
1512816	1513829	1	1533	1533
1513830	1514771	1	1534	1534
1514761	1515555	1	1535	1535
1515577	1517001	1	1536	1536
1517098	1517193	2	1537	1537
1517388	1517561	1	1538	1538
1517647	1517880	1	1539	1539
1517881	1518330	2	1540	1540
1518327	1518845	2	1541	1541
1519026	1520063	1	1542	1542
1520261	1520926	1	1543	1543
1520962	1523064	2	1544	1544
1523306	1524367	1	1545	1545
1524480	1525979	2	1546	1546
1526246	1526863	1	1547	1547
1526939	1527151	1	1548	1548
1527889	1529937	1	1549	1549
1529921	1530403	1	1550	1550
1530318	1530503	2	1551	1551
1530585	1531638	1	1552	1552
1531815	1532951	1	1553	1553
1533051	1533284	1	1554	1554
1533281	1533850	2	1555	1555
1534023	1534868	1	1556	1556
1534964	1535857	2	1557	1557
1535936	1536616	2	1558	1558
1536613	1537308	2	1559	1559
1537308	1538852	2	1560	1560
1538849	1542589	2	1561	1561
1542671	1544059	2	1562	1562
1544383	1544718	2	1563	1563
1544757	1545713	2	1564	1564
1545737	1546027	2	1565	1565
1546287	1547168	2	1566	1566
1547400	1550447	1	1567	1567
1550460	1551344	1	1568	1568
1551337	1551990	1	1569	1569
1552397	1552681	2	1570	1570
1552827	1553837	2	1571	1571
1553971	1555668	2	1572	1572
1555825	1555962	2	1573	1573
1556064	1556279	2	1574	1574
1556624	1557055	1	1575	1575
1557111	1558037	2	1576	1576
1558030	1559016	2	1577	1577
1559013	1559909	2	1578	1578
1559906	1560928	2	1579	1579
1560930	1562480	2	1580	1580
1562494	1563075	2	1581	1581
1563333	1565732	2	1582	1582
1565757	1567139	2	1583	1583
1567177	1567218	2	1584	1584
1567503	1568822	2	1585	1585
1568953	1570488	2	1586	1586
1570644	1572044	2	1587	1587
1572406	1575201	2	1588	1588
1575246	1577618	2	1589	1589
1577656	1579341	2	1590	1590
1579544	1579666	1	1591	1591
1579632	1580789	2	1592	1592
1580841	1582523	2	1593	1593
1582925	1583686	2	1594	1594
1583761	1583958	2	1595	1595
1584206	1586485	2	1596	1596
1586819	1587733	2	1597	1597
1587792	1588295	2	1598	1598
1588308	1588838	2	1599	1599
1588852	1590000	2	1600	1600
1590333	1590535	2	1601	1601
1590853	1592175	2	1602	1602
1592175	1592441	2	1603	1603
1592664	1598085	2	1604	1604
1598616	1600208	2	1605	1605
1600287	1601240	2	1606	1606
1601489	1603024	1	1607	1607
1603018	1604046	1	1608	1608
1604046	1605038	1	1609	1609
1605050	1606072	1	1610	1610
1606099	1606974	1	1611	1611
1606998	1607288	1	1612	1612
1607345	1608103	1	1613	1613
1608107	1609021	2	1614	1614
1609228	1610679	2	1615	1615
1610906	1611853	2	1616	1616
1611965	1612324	2	1617	1617
1612324	1613250	2	1618	1618
1613314	1614702	2	1619	1619
1614803	1615684	1	1620	1620
1615762	1616877	1	1621	1621
1617027	1618217	1	1622	1622
1618242	1618907	2	1623	1623
1619119	1619553	1	1624	1624
1619573	1619956	1	1625	1625
1619988	1620206	1	1626	1626
1620237	1621136	2	1627	1627
1621331	1622518	1	1628	1628
1622645	1622740	1	1629	1629
1622740	1622844	1	1630	1630
1622816	1622913	2	1631	1631
1622959	1623849	2	1632	1632
1624104	1624496	2	1633	1633
1624772	1625290	1	1634	1634
1625334	1627379	2	1635	1635
1627516	1628262	1	1636	1636
1628351	1629037	1	1637	1637
1629214	1629417	1	1638	1638
1629452	1630912	2	1639	1639
1631001	1632284	2	1640	1640
1632889	1633002	1	1641	1641
1633071	1633304	1	1642	1642
1633621	1634211	1	1643	1643
1634309	1634884	2	1644	1644
1634884	1635846	2	1645	1645
1635797	1636366	2	1646	1646
1636755	1636988	1	1647	1647
1637046	1637456	1	1648	1648
1637608	1637781	2	1649	1649
1637953	1638108	2	1650	1650
1638187	1638252	2	1651	1651
1638255	1638443	2	1652	1652
1638454	1638666	2	1653	1653
1639029	1639526	2	1654	1654
1639079	1639333	2	1655	1655
1639523	1640056	2	1656	1656
1640053	1640364	2	1657	1657
1640369	1640584	2	1658	1658
1640804	1640974	1	1659	1659
1641338	1641553	2	1660	1660
1641854	1642066	1	1661	1661
1642121	1642210	1	1662	1662
1642488	1643240	2	1663	1663
1643254	1644303	2	1664	1664
1644650	1644901	2	1665	1665
1645118	1645273	2	1666	1666
1645345	1645632	2	1667	1667
1645632	1645871	2	1668	1668
1645896	1646201	1	1669	1669
1646404	1646736	1	1670	1670
1647173	1647322	2	1671	1671
1647345	1647635	2	1672	1672
1647619	1647849	2	1673	1673
1647933	1648340	1	1674	1674
1648507	1648662	1	1675	1675
1648664	1648792	1	1676	1676
1648822	1649040	1	1677	1677
1649381	1649433	1	1678	1678
1649608	1649796	1	1679	1679
1649793	1649984	1	1680	1680
1650077	1650997	1	1681	1681
1650880	1651536	1	1682	1682
1651511	1652707	1	1683	1683
1652727	1652837	2	1684	1684
1652895	1653914	2	1685	1685
1653926	1655140	2	1686	1686
1655346	1655672	2	1687	1687
1655807	1656148	1	1688	1688
1656183	1656743	1	1689	1689
1656746	1657456	2	1690	1690
1657564	1657869	1	1691	1691
1658068	1660494	1	1692	1692
1660555	1662978	1	1693	1693
1662989	1663606	1	1694	1694
1663608	1664462	1	1695	1695
1664505	1665119	1	1696	1696
1665314	1666570	1	1697	1697
1666523	1667218	2	1698	1698
1667343	1668563	2	1699	1699
1668698	1669591	2	1700	1700
1669698	1670951	1	1701	1701
1671375	1671683	1	1702	1702
1671776	1671859	1	1703	1703
1671959	1672780	1	1704	1704
1672819	1673148	2	1705	1705
1673135	1673500	2	1706	1706
1673607	1673708	2	1707	1707
1673912	1674946	1	1708	1708
1674971	1676359	2	1709	1709
1676370	1677902	2	1710	1710
1678426	1679370	1	1711	1711
1679556	1680938	1	1712	1712
1680975	1681697	1	1713	1713
1681694	1682029	2	1714	1714
1682158	1682877	1	1715	1715
1682881	1684182	1	1716	1716
1684258	1685187	1	1717	1717
1685184	1686587	2	1718	1718
1686730	1688376	2	1719	1719
1688575	1689750	1	1720	1720
1689851	1691359	1	1721	1721
1691585	1692850	2	1722	1722
1692889	1694262	2	1723	1723
1694259	1696070	2	1724	1724
1696461	1697051	2	1725	1725
1697272	1698039	2	1726	1726
1698151	1699179	2	1727	1727
1699354	1700946	1	1728	1728
1700956	1702128	1	1729	1729
1702232	1703233	1	1730	1730
1703267	1704307	2	1731	1731
1704550	1704675	1	1732	1732
1704948	1705163	1	1733	1733
1705249	1705689	1	1734	1734
1705766	1706347	1	1735	1735
1706347	1706925	1	1736	1736
1706918	1709140	1	1737	1737
1709141	1710199	1	1738	1738
1710203	1710823	1	1739	1739
1710827	1711522	1	1740	1740
1711522	1712157	1	1741	1741
1712768	1714270	1	1742	1742
1714376	1714981	1	1743	1743
1715025	1715888	2	1744	1744
1715947	1717221	2	1745	1745
1717350	1718006	2	1746	1746
1718065	1718394	2	1747	1747
1718492	1719601	2	1748	1748
1719875	1720342	1	1749	1749
1720389	1720823	2	1750	1750
1721024	1721260	1	1751	1751
1721263	1722120	1	1752	1752
1722120	1724132	1	1753	1753
1724133	1724654	2	1754	1754
1724735	1725631	2	1755	1755
1725680	1725919	2	1756	1756
1726022	1726621	1	1757	1757
1726658	1727755	1	1758	1758
1727836	1728243	1	1759	1759
1728346	1728993	1	1760	1760
1729086	1733702	1	1761	1761
1733753	1734100	2	1762	1762
1734434	1735249	1	1763	1763
1735377	1735958	1	1764	1764
1736120	1737289	2	1765	1765
1737455	1737544	2	1766	1766
1737843	1738868	1	1767	1767
1738865	1739797	2	1768	1768
1739910	1741121	1	1769	1769
1741412	1742560	1	1770	1770
1742600	1743241	2	1771	1771
1743456	1744829	1	1772	1772
1744870	1746126	2	1773	1773
1746434	1746510	1	1774	1774
1746515	1746591	1	1775	1775
1746699	1747004	1	1776	1776
1747130	1748734	1	1777	1777
1748746	1749558	2	1778	1778
1749562	1750347	2	1779	1779
1750344	1751012	2	1780	1780
1751076	1751723	2	1781	1781
1751727	1753829	2	1782	1782
1753850	1754476	2	1783	1783
1754931	1755140	2	1784	1784
1755495	1755689	1	1785	1785
1755697	1757109	1	1786	1786
1757420	1757656	1	1787	1787
1757720	1758724	2	1788	1788
1758873	1759289	2	1789	1789
1759302	1760522	2	1790	1790
1760519	1761790	2	1791	1791
1761765	1762511	2	1792	1792
1762521	1764008	2	1793	1793
1764017	1764385	2	1794	1794
1764712	1764779	2	1795	1795
1764933	1765121	2	1796	1796
1765221	1765631	2	1797	1797
1765628	1768684	2	1798	1798
1769073	1770185	1	1799	1799
1770371	1770476	1	1800	1800
1770614	1770970	1	1801	1801
1771070	1772284	1	1802	1802
1772511	1773776	1	1803	1803
1773788	1774654	1	1804	1804
1774685	1775443	1	1805	1805
1775586	1777181	1	1806	1806
1777195	1778346	1	1807	1807
1778389	1779300	2	1808	1808
1779616	1780380	1	1809	1809
1780400	1781338	1	1810	1810
1781394	1782683	1	1811	1811
1782680	1782973	1	1812	1812
1782976	1784676	1	1813	1813
1784733	1787111	2	1814	1814
1787444	1788277	1	1815	1815
1788434	1789480	1	1816	1816
1789612	1789803	1	1817	1817
1789807	1791243	2	1818	1818
1791306	1792019	2	1819	1819
1792266	1792730	2	1820	1820
1792808	1793557	2	1821	1821
1793557	1794108	2	1822	1822
1794171	1795151	2	1823	1823
1795252	1795551	2	1824	1824
1795556	1797943	2	1825	1825
1797958	1798941	2	1826	1826
1799225	1799269	2	1827	1827
1799392	1799748	2	1828	1828
1799801	1799998	2	1829	1829
1800095	1800637	2	1830	1830
1800641	1802569	2	1831	1831
1803093	1804992	1	1832	1832
1805164	1805271	1	1833	1833
1805324	1806082	2	1834	1834
1806369	1807298	1	1835	1835
1807399	1807689	1	1836	1836
1807795	1808655	1	1837	1837
1808696	1809232	2	1838	1838
1809379	1810047	1	1839	1839
1810210	1810800	1	1840	1840
1810933	1812324	1	1841	1841
1812328	1813131	2	1842	1842
1813420	1813662	2	1843	1843
1813866	1816127	1	1844	1844
1816385	1817134	2	1845	1845
1817147	1818499	2	1846	1846
1818604	1819446	2	1847	1847
1819454	1819804	2	1848	1848
1819855	1821213	2	1849	1849
1821298	1821618	2	1850	1850
1821917	1822255	2	1851	1851
1822457	1823284	1	1852	1852
1823514	1824401	1	1853	1853
1824361	1824936	2	1854	1854
1825139	1825624	2	1855	1855
1825954	1826922	2	1856	1856
1826915	1828258	2	1857	1857
1828255	1829733	2	1858	1858
1829730	1830764	2	1859	1859
1830761	1831981	2	1860	1860
1832427	1833233	1	1861	1861
1833400	1834110	1	1862	1862
1834115	1834792	1	1863	1863
1834807	1835514	1	1864	1864
1835514	1836062	1	1865	1865
1836072	1837238	1	1866	1866
1837211	1838746	1	1867	1867
1838746	1839399	1	1868	1868
1839466	1840773	1	1869	1869
1840782	1841402	2	1870	1870
1841489	1841896	1	1871	1871
1841862	1842134	2	1872	1872
1842370	1843713	1	1873	1873
1843830	1844870	2	1874	1874
1844998	1846959	2	1875	1875
1846964	1848007	2	1876	1876
1848124	1848675	2	1877	1877
1848836	1850692	1	1878	1878
1850859	1851875	1	1879	1879
1851886	1852527	1	1880	1880
1852620	1853978	2	1881	1881
1854095	1854853	2	1882	1882
1854990	1855970	2	1883	1883
1855980	1856927	2	1884	1884
1856932	1857768	2	1885	1885
1857789	1858832	2	1886	1886
1858849	1860228	2	1887	1887
1860255	1861331	2	1888	1888
1861701	1861973	2	1889	1889
1862015	1862428	2	1890	1890
1862770	1863765	1	1891	1891
1863849	1864733	1	1892	1892
1864781	1865635	2	1893	1893
1865725	1866471	2	1894	1894
1866907	1868841	1	1895	1895
1868954	1870237	1	1896	1896
1870384	1871859	1	1897	1897
1872040	1873530	1	1898	1898
1873573	1874076	1	1899	1899
1874077	1874181	2	1900	1900
1874351	1874797	1	1901	1901
1874754	1875575	2	1902	1902
1875672	1876853	1	1903	1903
1876908	1877255	1	1904	1904
1877277	1877531	2	1905	1905
1877714	1878739	1	1906	1906
1878772	1878870	1	1907	1907
1878873	1878947	1	1908	1908
1879006	1879254	2	1909	1909
1879402	1879584	2	1910	1910
1879588	1879947	2	1911	1911
1880120	1880758	2	1912	1912
1880885	1881808	2	1913	1913
1881911	1882996	1	1914	1914
1883187	1884632	1	1915	1915
1884664	1885788	1	1916	1916
1885844	1886809	1	1917	1917
1886863	1887990	2	1918	1918
1888060	1889745	2	1919	1919
1889950	1890531	2	1920	1920
1890571	1891266	2	1921	1921
1891324	1893234	2	1922	1922
1893366	1893710	1	1923	1923
1894132	1894431	1	1924	1924
1894551	1894730	2	1925	1925
1894804	1896165	1	1926	1926
1896169	1896747	1	1927	1927
1896931	1898295	1	1928	1928
1898426	1900024	1	1929	1929
1900028	1901584	2	1930	1930
1901572	1901730	2	1931	1931
1902047	1903018	1	1932	1932
1903081	1903881	1	1933	1933
1903894	1904745	1	1934	1934
1904800	1905258	1	1935	1935
1905687	1906253	1	1936	1936
1906250	1907059	2	1937	1937
1907225	1907434	2	1938	1938
1907447	1907590	2	1939	1939
1908260	1908547	2	1940	1940
1908622	1908765	2	1941	1941
1908924	1909163	1	1942	1942
1909307	1910098	2	1943	1943
1910275	1911648	1	1944	1944
1911694	1912575	2	1945	1945
1912767	1914815	2	1946	1946
1914835	1915533	2	1947	1947
1915630	1916127	2	1948	1948
1916257	1917540	1	1949	1949
1917509	1920142	1	1950	1950
1920222	1921661	1	1951	1951
1921779	1922015	1	1952	1952
1922120	1922311	1	1953	1953
1922312	1922968	2	1954	1954
1923065	1923336	1	1955	1955
1923103	1923206	2	1956	1956
1923364	1923705	2	1957	1957
1923718	1924590	2	1958	1958
1924594	1924968	2	1959	1959
1925107	1925337	1	1960	1960
1925439	1926095	1	1961	1961
1926119	1926781	1	1962	1962
1926778	1928838	2	1963	1963
1929047	1929706	2	1964	1964
1930033	1930389	2	1965	1965
1930456	1930746	2	1966	1966
1930880	1932058	1	1967	1967
1932114	1932755	2	1968	1968
1932792	1934603	2	1969	1969
1934838	1936313	2	1970	1970
1936651	1937520	1	1971	1971
1937648	1939090	1	1972	1972
1939221	1940192	2	1973	1973
1940312	1941634	2	1974	1974
1941650	1942582	2	1975	1975
1942661	1943416	1	1976	1976
1943413	1944198	1	1977	1977
1944345	1945355	2	1978	1978
1945364	1945975	2	1979	1979
1946114	1946179	2	1980	1980
1946250	1946852	1	1981	1981
1946854	1947375	2	1982	1982
1947410	1948150	2	1983	1983
1948179	1948631	2	1984	1984
1948749	1950521	2	1985	1985
1950831	1951397	1	1986	1986
1951394	1952212	1	1987	1987
1952265	1952660	1	1988	1988
1952701	1953444	1	1989	1989
1953441	1954412	1	1990	1990
1954577	1957006	2	1991	1991
1957031	1958131	2	1992	1992
1958440	1958746	2	1993	1993
1958519	1959265	2	1994	1994
1959279	1959845	2	1995	1995
1960061	1961794	1	1996	1996
1961836	1961880	2	1997	1997
1961971	1962459	1	1998	1998
1962579	1962971	2	1999	1999
1962971	1965049	2	2000	2000
1965042	1966190	2	2001	2001
1966392	1967036	2	2002	2002
1967047	1967436	2	2003	2003
1967451	1968500	2	2004	2004
1968503	1969363	2	2005	2005
1969382	1970983	2	2006	2006
1971029	1972690	2	2007	2007
1972835	1973338	2	2008	2008
1973359	1975323	2	2009	2009
1975328	1976254	2	2010	2010
1976251	1977138	2	2011	2011
1977207	1977301	2	2012	2012
1977265	1977843	2	2013	2013
1977846	1978196	2	2014	2014
1978175	1978394	1	2015	2015
1978517	1979020	2	2016	2016
1978939	1979214	2	2017	2017
1979752	1980180	1	2018	2018
1980187	1981611	2	2019	2019
1981586	1982386	2	2020	2020
1982553	1983539	2	2021	2021
1983554	1985068	2	2022	2022
1985138	1986127	2	2023	2023
1986924	1987427	1	2024	2024
1987506	1987757	2	2025	2025
1987842	1988000	2	2026	2026
1987872	1987958	2	2027	2027
1988221	1988544	1	2028	2028
1988715	1989212	1	2029	2029
1989250	1989489	2	2030	2030
1989680	1990891	1	2031	2031
1990953	1991618	2	2032	2032
1991747	1991813	2	2033	2033
1991814	1991900	2	2034	2034
1991913	1991986	2	2035	2035
1992041	1992116	2	2036	2036
1992268	1992816	2	2037	2037
1992873	1994705	2	2038	2038
1994702	1995358	2	2039	2039
1995654	1995830	1	2040	2040
1995817	1996041	1	2041	2041
1996109	1996831	2	2042	2042
1996920	1997056	1	2043	2043
1997061	1997813	2	2044	2044
1997810	1998478	2	2045	2045
1998493	1999479	2	2046	2046
1999584	2000384	2	2047	2047
2000472	2001023	2	2048	2048
2001069	2001788	2	2049	2049
2001911	2002105	2	2050	2050
2002109	2003605	2	2051	2051
2003871	2005277	1	2052	2052
2005302	2005712	1	2053	2053
2005712	2006077	1	2054	2054
2006155	2007642	1	2055	2055
2007676	2008089	2	2056	2056
2008276	2009481	1	2057	2057
2009478	2009711	1	2058	2058
2009820	2010488	1	2059	2059
2010599	2011078	1	2060	2060
2011222	2012350	2	2061	2061
2012501	2012779	1	2062	2062
2012699	2013013	2	2063	2063
2013228	2014886	1	2064	2064
2014879	2015874	1	2065	2065
2015867	2016553	1	2066	2066
2016553	2017926	1	2067	2067
2017945	2018388	1	2068	2068
2018385	2019512	1	2069	2069
2019617	2020081	1	2070	2070
2020086	2021090	1	2071	2071
2021087	2021500	1	2072	2072
2021503	2021868	1	2073	2073
2021868	2022605	1	2074	2074
2022615	2022884	1	2075	2075
2022892	2023677	1	2076	2076
2023967	2024590	1	2077	2077
2024634	2024822	2	2078	2078
2024985	2025212	1	2079	2079
2025222	2025312	2	2080	2080
2025510	2026325	1	2081	2081
2026322	2028016	2	2082	2082
2028187	2028369	2	2083	2083
2028448	2029365	2	2084	2084
2029538	2030458	1	2085	2085
2030447	2030917	2	2086	2086
2030898	2032316	2	2087	2087
2032383	2033078	2	2088	2088
2033118	2033420	2	2089	2089
2033648	2033738	1	2090	2090
2034050	2035242	1	2091	2091
2035834	2036685	1	2092	2092
2036793	2038151	2	2093	2093
2038151	2038822	2	2094	2094
2038955	2039368	1	2095	2095
2039477	2040481	1	2096	2096
2040482	2041117	1	2097	2097
2041374	2042024	1	2098	2098
2042367	2042897	1	2099	2099
2043467	2043556	2	2100	2100
2043650	2044447	1	2101	2101
2044548	2044623	1	2102	2102
2044994	2052013	1	2103	2103
2052275	2053327	2	2104	2104
2053642	2054958	1	2105	2105
2055060	2056514	1	2106	2106
2056857	2057573	1	2107	2107
2058026	2058101	2	2108	2108
2058202	2059845	2	2109	2109
2059850	2059925	1	2110	2110
2059963	2060913	2	2111	2111
2061015	2061932	2	2112	2112
2062259	2062334	1	2113	2113
2062390	2063322	2	2114	2114
2063387	2064466	2	2115	2115
2064478	2065221	2	2116	2116
2065218	2065763	2	2117	2117
2066067	2066153	2	2118	2118
2066304	2067284	2	2119	2119
2067359	2067891	2	2120	2120
2068260	2068418	2	2121	2121
2068634	2070473	1	2122	2122
2068951	2069856	2	2123	2123
2069814	2070179	2	2124	2124
2070785	2071210	1	2125	2125
2071316	2071510	1	2126	2126
2071538	2074657	1	2127	2127
2074778	2076310	1	2128	2128
2076307	2076753	1	2129	2129
2076816	2077037	1	2130	2130
2077111	2077479	1	2131	2131
2077568	2077942	1	2132	2132
2077939	2078133	1	2133	2133
2078548	2078676	2	2134	2134
2078574	2078930	1	2135	2135
2079031	2079360	2	2136	2136
2079426	2079476	2	2137	2137
2079532	2080590	2	2138	2138
2080788	2081261	2	2139	2139
2081380	2082546	2	2140	2140
2082755	2084182	1	2141	2141
2084225	2084452	2	2142	2142
2084466	2085524	2	2143	2143
2085703	2087061	2	2144	2144
2087051	2087113	2	2145	2145
2087328	2088257	2	2146	2146
2088303	2089127	2	2147	2147
2089210	2089464	2	2148	2148
2089461	2089712	2	2149	2149
2089995	2090045	1	2150	2150
2090191	2091090	1	2151	2151
2091096	2092400	1	2152	2152
2092397	2093467	1	2153	2153
2093467	2094534	1	2154	2154
2094534	2095124	1	2155	2155
2095124	2095861	1	2156	2156
2095843	2096619	1	2157	2157
2096613	2097224	1	2158	2158
2097320	2098300	2	2159	2159
2098446	2099612	2	2160	2160
2099861	2101267	2	2161	2161
2101395	2103388	2	2162	2162
2101894	2102874	2	2163	2163
2103390	2104508	2	2164	2164
2104493	2105083	2	2165	2165
2105064	2106056	2	2166	2166
2106059	2107225	2	2167	2167
2107225	2108328	2	2168	2168
2108336	2109583	2	2169	2169
2109580	2110137	2	2170	2170
2110137	2111018	2	2171	2171
2111076	2111975	2	2172	2172
2111975	2113060	2	2173	2173
2113433	2114326	2	2174	2174
2114501	2115895	2	2175	2175
2115906	2117126	2	2176	2176
2117123	2118403	2	2177	2177
2118679	2120157	2	2178	2178
2120159	2121553	2	2179	2179
2121608	2122978	2	2180	2180
2123083	2124519	2	2181	2181
2124522	2125745	2	2182	2182
2125742	2126221	2	2183	2183
2126224	2127189	2	2184	2184
2127192	2128313	2	2185	2185
2128339	2128887	2	2186	2186
2128903	2129649	2	2187	2187
2129660	2130877	2	2188	2188
2130852	2132069	2	2189	2189
2132066	2132554	2	2190	2190
2132557	2133396	2	2191	2191
2133489	2135651	2	2192	2192
2135654	2136097	2	2193	2193
2136103	2137242	2	2194	2194
2137901	2139484	1	2195	2195
2139758	2141611	2	2196	2196
2141633	2142214	2	2197	2197
2142306	2142947	2	2198	2198
2143265	2146582	1	2199	2199
2146691	2147539	2	2200	2200
2147673	2149025	1	2201	2201
2149038	2150984	2	2202	2202
2151184	2151645	1	2203	2203
2151710	2152471	2	2204	2204
2152468	2153127	2	2205	2205
2153310	2153453	1	2206	2206
2153348	2153407	2	2207	2207
2153645	2153780	1	2208	2208
2153680	2153736	2	2209	2209
2154015	2155262	1	2210	2210
2155262	2158384	1	2211	2211
2158385	2161462	1	2212	2212
2161463	2162878	1	2213	2213
2162875	2164278	1	2214	2214
2164275	2164997	1	2215	2215
2165188	2165520	1	2216	2216
2165667	2167028	1	2217	2217
2167113	2167199	1	2218	2218
2167301	2167519	2	2219	2219
2167601	2167819	2	2220	2220
2167988	2168305	2	2221	2221
2168711	2169610	1	2222	2222
2169692	2171726	2	2223	2223
2170235	2170534	1	2224	2224
2170531	2171397	1	2225	2225
2171832	2172872	2	2226	2226
2172920	2174277	2	2227	2227
2174281	2174565	2	2228	2228
2174596	2175048	2	2229	2229
2175058	2176320	2	2230	2230
2176349	2177203	2	2231	2231
2177511	2178563	2	2232	2232
2178820	2180097	1	2233	2233
2180094	2181098	1	2234	2234
2181095	2182060	1	2235	2235
2182034	2182780	2	2236	2236
2182832	2183650	2	2237	2237
2183715	2184515	2	2238	2238
2184512	2185300	2	2239	2239
2185523	2185795	2	2240	2240
2185916	2186740	1	2241	2241
2186959	2187297	1	2242	2242
2187379	2188413	2	2243	2243
2188429	2190909	2	2244	2244
2190925	2191644	2	2245	2245
2191679	2192221	2	2246	2246
2192514	2192795	2	2247	2247
2193058	2194167	2	2248	2248
2194299	2196332	1	2249	2249
2196473	2197297	1	2250	2250
2197409	2200268	1	2251	2251
2200278	2203910	1	2252	2252
2203971	2204288	1	2253	2253
2204595	2205683	1	2254	2254
2205694	2207973	1	2255	2255
2207966	2209102	1	2256	2256
2209099	2210943	1	2257	2257
2211224	2211685	1	2258	2258
2211725	2212195	2	2259	2259
2212242	2212961	2	2260	2260
2212958	2214643	2	2261	2261
2214865	2215596	1	2262	2262
2215656	2215763	1	2263	2263
2215744	2216475	2	2264	2264
2216480	2217406	2	2265	2265
2217399	2218556	2	2266	2266
2218563	2219480	2	2267	2267
2219691	2221988	2	2268	2268
2222184	2223899	1	2269	2269
2223937	2224869	2	2270	2270
2225043	2225630	2	2271	2271
2225800	2226378	1	2272	2272
2226508	2227269	2	2273	2273
2227322	2228757	2	2274	2274
2228981	2229064	1	2275	2275
2229437	2230384	2	2276	2276
2230623	2231021	1	2277	2277
2231018	2231713	1	2278	2278
2231843	2232727	1	2279	2279
2232877	2233596	1	2280	2280
2233599	2233838	1	2281	2281
2234032	2235270	1	2282	2282
2235264	2236499	1	2283	2283
2236742	2237752	2	2284	2284
2237768	2239288	2	2285	2285
2239349	2240347	2	2286	2286
2240627	2241667	2	2287	2287
2241809	2242966	2	2288	2288
2242983	2243651	2	2289	2289
2243909	2244745	1	2290	2290
2244777	2246768	2	2291	2291
2247062	2248531	2	2292	2292
2248736	2249617	2	2293	2293
2249716	2250765	1	2294	2294
2250839	2251696	1	2295	2295
2251699	2252787	1	2296	2296
2252894	2254144	2	2297	2297
2254244	2255185	2	2298	2298
2255354	2256013	1	2299	2299
2256084	2257334	2	2300	2300
2257428	2258366	2	2301	2301
2258354	2259295	2	2302	2302
2259718	2261409	2	2303	2303
2261426	2262364	2	2304	2304
2262364	2263494	2	2305	2305
2263862	2265043	1	2306	2306
2265040	2265294	2	2307	2307
2265449	2266021	1	2308	2308
2266244	2267710	1	2309	2309
2267828	2268814	1	2310	2310
2268853	2269566	1	2311	2311
2269978	2270544	1	2312	2312
2270725	2272281	1	2313	2313
2272363	2274177	1	2314	2314
2274178	2275272	1	2315	2315
2275272	2276297	1	2316	2316
2276299	2277888	1	2317	2317
2277892	2278236	2	2318	2318
2278569	2279759	2	2319	2319
2279787	2280482	2	2320	2320
2280631	2282391	1	2321	2321
2282516	2282800	1	2322	2322
2282939	2283946	2	2323	2323
2284128	2284355	1	2324	2324
2284375	2286135	1	2325	2325
2286210	2286286	1	2326	2326
2286389	2290179	2	2327	2327
2289064	2290044	2	2328	2328
2290499	2291146	1	2329	2329
2291357	2292409	2	2330	2330
2292406	2292963	2	2331	2331
2292960	2294903	2	2332	2332
2294900	2295379	2	2333	2333
2295376	2295585	2	2334	2334
2295582	2296319	2	2335	2335
2296361	2297023	2	2336	2336
2297020	2297643	2	2337	2337
2297656	2298258	2	2338	2338
2298268	2298717	2	2339	2339
2298714	2299577	2	2340	2340
2299564	2300259	2	2341	2341
2300266	2302752	2	2342	2342
2302749	2303012	2	2343	2343
2303002	2303496	2	2344	2344
2303605	2303769	1	2345	2345
2303904	2304392	1	2346	2346
2305107	2306753	2	2347	2347
2306971	2308614	2	2348	2348
2308690	2309340	2	2349	2349
2309340	2310404	2	2350	2350
2310478	2311533	2	2351	2351
2311645	2312748	2	2352	2352
2313083	2313175	1	2353	2353
2313487	2316159	1	2354	2354
2316176	2316826	1	2355	2355
2317026	2319875	2	2356	2356
2320042	2321868	1	2357	2357
2321865	2323250	1	2358	2358
2323446	2324108	1	2359	2359
2324108	2324758	1	2360	2360
2324755	2326077	1	2361	2361
2326108	2327292	1	2362	2362
2327366	2328142	2	2363	2363
2328147	2329796	2	2364	2364
2329797	2334401	2	2365	2365
2334335	2334958	2	2366	2366
2334955	2336643	2	2367	2367
2336792	2339419	2	2368	2368
2339566	2340288	1	2369	2369
2340416	2344168	2	2370	2370
2344593	2344736	2	2371	2371
2344864	2347149	1	2372	2372
2347349	2347384	2	2373	2373
2347383	2348513	1	2374	2374
2348513	2348767	1	2375	2375
2348821	2349471	2	2376	2376
2349686	2349892	1	2377	2377
2349934	2351010	2	2378	2378
2351015	2352373	2	2379	2379
2352646	2354274	1	2380	2380
2354264	2355523	1	2381	2381
2355520	2356710	1	2382	2382
2356903	2357802	1	2383	2383
2357815	2358000	1	2384	2384
2358041	2358844	2	2385	2385
2358862	2360151	2	2386	2386
2360208	2361413	2	2387	2387
2361428	2362210	2	2388	2388
2362430	2363632	2	2389	2389
2363732	2364274	2	2390	2390
2364553	2364978	1	2391	2391
2365017	2365619	2	2392	2392
2365909	2367066	1	2393	2393
2367070	2368038	1	2394	2394
2368038	2370020	1	2395	2395
2370017	2370907	1	2396	2396
2370907	2372559	1	2397	2397
2372556	2372891	1	2398	2398
2372891	2373277	1	2399	2399
2373271	2373537	2	2400	2400
2373647	2375002	2	2401	2401
2374999	2375961	2	2402	2402
2375961	2376818	2	2403	2403
2376833	2377591	2	2404	2404
2377588	2379258	2	2405	2405
2379347	2380642	2	2406	2406
2380721	2381026	2	2407	2407
2381081	2381542	2	2408	2408
2381607	2382524	1	2409	2409
2382712	2383923	1	2410	2410
2383994	2385721	2	2411	2411
2385859	2386830	1	2412	2412
2386933	2387436	1	2413	2413
2387709	2388425	2	2414	2414
2388634	2389056	1	2415	2415
2389115	2389963	1	2416	2416
2390047	2391504	2	2417	2417
2391511	2393040	2	2418	2418
2393204	2395045	2	2419	2419
2395042	2395344	2	2420	2420
2395341	2395895	2	2421	2421
2395907	2396449	2	2422	2422
2396464	2397441	2	2423	2423
2397438	2400164	2	2424	2424
2400217	2401554	2	2425	2425
2401551	2402051	2	2426	2426
2402054	2403844	2	2427	2427
2403950	2404612	2	2428	2428
2404628	2405071	2	2429	2429
2405702	2406640	2	2430	2430
2407560	2408777	1	2431	2431
2408861	2409460	1	2432	2432
2409519	2411351	2	2433	2433
2411438	2412088	2	2434	2434
2412099	2412593	2	2435	2435
2412676	2413131	2	2436	2436
2413469	2414671	1	2437	2437
2414746	2416890	1	2438	2438
2417080	2418600	1	2439	2439
2418633	2419175	2	2440	2440
2419233	2419787	2	2441	2441
2419840	2420484	2	2442	2442
2420620	2421267	1	2443	2443
2421324	2421686	1	2444	2444
2421707	2422600	1	2445	2445
2422648	2423538	2	2446	2446
2423735	2424508	2	2447	2447
2424516	2425232	2	2448	2448
2425229	2425915	2	2449	2449
2426005	2426787	2	2450	2450
2427008	2427790	2	2451	2451
2428056	2428625	2	2452	2452
2428720	2430237	2	2453	2453
2430274	2430762	2	2454	2454
2431021	2431683	2	2455	2455
2431673	2432941	2	2456	2456
2433011	2433925	2	2457	2457
2434081	2434740	2	2458	2458
2434823	2435635	2	2459	2459
2435635	2436648	2	2460	2460
2436714	2437850	2	2461	2461
2437949	2438944	1	2462	2462
2438941	2440119	2	2463	2463
2440384	2441604	2	2464	2464
2441763	2443769	1	2465	2465
2443890	2444168	2	2466	2466
2444202	2444750	2	2467	2467
2444750	2445559	2	2468	2468
2445559	2446383	2	2469	2469
2446387	2447472	2	2470	2470
2447507	2448439	2	2471	2471
2448605	2449156	1	2472	2472
2449227	2450048	2	2473	2473
2450050	2450589	2	2474	2474
2450586	2451074	2	2475	2475
2451071	2451583	2	2476	2476
2451583	2452335	2	2477	2477
2452355	2455000	2	2478	2478
2455082	2455645	2	2479	2479
2456326	2456811	2	2480	2480
2457014	2459158	2	2481	2481
2459158	2460468	2	2482	2482
2460649	2460933	2	2483	2483
2461305	2462645	1	2484	2484
2463011	2464069	1	2485	2485
2464251	2465006	2	2486	2486
2465300	2466232	1	2487	2487
2466308	2466382	1	2488	2488
2466544	2467701	1	2489	2489
2467854	2468216	1	2490	2490
2468213	2469133	1	2491	2491
2469130	2470461	1	2492	2492
2470496	2470642	2	2493	2493
2470802	2471104	1	2494	2494
2471076	2471516	2	2495	2495
2471543	2472061	2	2496	2496
2472111	2472386	2	2497	2497
2472386	2472880	2	2498	2498
2472877	2473245	2	2499	2499
2473603	2473965	1	2500	2500
2474031	2474855	1	2501	2501
2474983	2475519	1	2502	2502
2475510	2475872	1	2503	2503
2475872	2476177	1	2504	2504
2476093	2476233	1	2505	2505
2476309	2476509	1	2506	2506
2476583	2476597	1	2507	2507
2476693	2477628	2	2508	2508
2477846	2479183	1	2509	2509
2479201	2480529	1	2510	2510
2480637	2482175	2	2511	2511
2482175	2483338	2	2512	2512
2483728	2483757	1	2513	2513
2483754	2484368	1	2514	2514
2484373	2487966	1	2515	2515
2488022	2489167	2	2516	2516
2489241	2490185	2	2517	2517
2490255	2491949	2	2518	2518
2492003	2493253	2	2519	2519
2493766	2494401	2	2520	2520
2494697	2494972	1	2521	2521
2495049	2495291	2	2522	2522
2495644	2496564	1	2523	2523
2496920	2496991	1	2524	2524
2497056	2498294	2	2525	2525
2498670	2500367	1	2526	2526
2500382	2501116	1	2527	2527
2501129	2501986	1	2528	2528
2501989	2504484	2	2529	2529
2504509	2505546	2	2530	2530
2505546	2506631	2	2531	2531
2506646	2507893	2	2532	2532
2507915	2508241	2	2533	2533
2508460	2509425	2	2534	2534
2509629	2510885	1	2535	2535
2511000	2511326	1	2536	2536
2511467	2512705	2	2537	2537
2512686	2512775	2	2538	2538
2513041	2514243	1	2539	2539
2514330	2515442	1	2540	2540
2515642	2517831	2	2541	2541
2518040	2518115	2	2542	2542
2518155	2518230	2	2543	2543
2518466	2518810	1	2544	2544
2518812	2519204	1	2545	2545
2519256	2520671	2	2546	2546
2520930	2521005	1	2547	2547
2521050	2521125	1	2548	2548
2521172	2521247	1	2549	2549
2521252	2521327	1	2550	2550
2521592	2522476	2	2551	2551
2522728	2523984	2	2552	2552
2524044	2524877	2	2553	2553
2525126	2525890	1	2554	2554
2525929	2526855	2	2555	2555
2526945	2527943	1	2556	2556
2527940	2528158	2	2557	2557
2528160	2530175	2	2558	2558
2530246	2531232	2	2559	2559
2531462	2532223	1	2560	2560
2532408	2533379	1	2561	2561
2533763	2534020	1	2562	2562
2534065	2535792	1	2563	2563
2535833	2536342	1	2564	2564
2536385	2537236	2	2565	2565
2537341	2537715	1	2566	2566
2537748	2538482	1	2567	2567
2538671	2539582	2	2568	2568
2539716	2540813	2	2569	2569
2540803	2541678	2	2570	2570
2541678	2542511	2	2571	2571
2542511	2543527	2	2572	2572
2543831	2544622	2	2573	2573
2544751	2545608	2	2574	2574
2545772	2546668	1	2575	2575
2546672	2548096	1	2576	2576
2548101	2549405	1	2577	2577
2549645	2550544	2	2578	2578
2550640	2551215	2	2579	2579
2551276	2551725	2	2580	2580
2551712	2552137	2	2581	2581
2552351	2553220	1	2582	2582
2553224	2554123	1	2583	2583
2554129	2555181	2	2584	2584
2555227	2555727	2	2585	2585
2555740	2556399	2	2586	2586
2556409	2557296	2	2587	2587
2557317	2558678	2	2588	2588
2558857	2560065	1	2589	2589
2560256	2560897	1	2590	2590
2561367	2561612	1	2591	2591
2561624	2561992	1	2592	2592
2562110	2562526	1	2593	2593
2562523	2563116	1	2594	2594
2563591	2563968	1	2595	2595
2563979	2564371	1	2596	2596
2564522	2565331	1	2597	2597
2565480	2566883	2	2598	2598
2566880	2568106	2	2599	2599
2568323	2569510	2	2600	2600
2569500	2570336	2	2601	2601
2570347	2571750	2	2602	2602
2571762	2572049	2	2603	2603
2572156	2572449	2	2604	2604
2572488	2573504	2	2605	2605
2573501	2574304	2	2606	2606
2574301	2575002	2	2607	2607
2574977	2575456	2	2608	2608
2575469	2575804	2	2609	2609
2576097	2578376	2	2610	2610
2578665	2579615	1	2611	2611
2579635	2581638	1	2612	2612
2581733	2582776	2	2613	2613
2582902	2583477	2	2614	2614
2583545	2585524	2	2615	2615
2585730	2587430	1	2616	2616
2587594	2590707	1	2617	2617
2590806	2590865	2	2618	2618
2591246	2591602	1	2619	2619
2591606	2592733	1	2620	2620
2592761	2592961	1	2621	2621
2593071	2593769	2	2622	2622
2593843	2595858	2	2623	2623
2595873	2596736	2	2624	2624
2596904	2597617	2	2625	2625
2597830	2598864	2	2626	2626
2598881	2599759	2	2627	2627
2599905	2600477	1	2628	2628
2600477	2600947	1	2629	2629
2601200	2601817	1	2630	2630
2601817	2603835	1	2631	2631
2603846	2604793	1	2632	2632
2604810	2606249	1	2633	2633
2606261	2606911	1	2634	2634
2606916	2608496	1	2635	2635
2608486	2610153	1	2636	2636
2610163	2610708	1	2637	2637
2610705	2611463	1	2638	2638
2611456	2611869	1	2639	2639
2611899	2613911	1	2640	2640
2613933	2614781	1	2641	2641
2614819	2615880	2	2642	2642
2616093	2617556	1	2643	2643
2617577	2617936	1	2644	2644
2618074	2618775	2	2645	2645
2618870	2620159	2	2646	2646
2620245	2620871	2	2647	2647
2621196	2622233	1	2648	2648
2622233	2622871	1	2649	2649
2623043	2625109	1	2650	2650
2625114	2626655	1	2651	2651
2626694	2628937	2	2652	2652
2629289	2629480	1	2653	2653
2629791	2630309	1	2654	2654
2630325	2630864	1	2655	2655
2630957	2632534	2	2656	2656
2632603	2634069	2	2657	2657
2634231	2635601	1	2658	2658
2635598	2635813	2	2659	2659
2635883	2637355	2	2660	2660
2637473	2638651	2	2661	2661
2638662	2639282	2	2662	2662
2639300	2640574	2	2663	2663
2640594	2640685	2	2664	2664
2640685	2641803	2	2665	2665
2641830	2642843	2	2666	2666
2643128	2644282	2	2667	2667
2644432	2644863	2	2668	2668
2645012	2647324	2	2669	2669
2647325	2652286	2	2670	2670
2652493	2653338	1	2671	2671
2653355	2653454	2	2672	2672
2653854	2654157	1	2673	2673
2654000	2654125	1	2674	2674
2654156	2654932	2	2675	2675
2655074	2656357	2	2676	2676
2656535	2656735	2	2677	2677
2656747	2657082	2	2678	2678
2657084	2658934	2	2679	2679
2658951	2659466	2	2680	2680
2659562	2659885	2	2681	2681
2659902	2660288	2	2682	2682
2660316	2661530	2	2683	2683
2661642	2662130	2	2684	2684
2662582	2663322	2	2685	2685
2663441	2664244	1	2686	2686
2664389	2665243	1	2687	2687
2665434	2666714	1	2688	2688
2666706	2667845	2	2689	2689
2668005	2668070	2	2691	2691
2668005	2668895	2	2690	2690
2669031	2670392	1	2692	2692
2670389	2670907	1	2693	2693
2670907	2671227	1	2694	2694
2671224	2672036	1	2695	2695
2672046	2673248	1	2696	2696
2673345	2673767	1	2697	2697
2673815	2674687	2	2698	2698
2674699	2675760	2	2699	2699
2675826	2676824	2	2700	2700
2676849	2678360	2	2701	2701
2678383	2679366	2	2702	2702
2679463	2682744	2	2703	2703
2682862	2684055	1	2704	2704
2684253	2685506	2	2705	2705
2685834	2687024	1	2706	2706
2687069	2687407	2	2707	2707
2687468	2688802	2	2708	2708
2688792	2689505	2	2709	2709
2689670	2691097	2	2710	2710
2691156	2691339	2	2711	2711
2691655	2695542	2	2712	2712
2695800	2697356	1	2713	2713
2697353	2697856	2	2714	2714
2697914	2698549	2	2715	2715
2698758	2699606	1	2716	2716
2699662	2699922	1	2717	2717
2700116	2700196	2	2718	2718
2700519	2700597	1	2719	2719
2700617	2700997	2	2720	2720
2700997	2701728	2	2721	2721
2701740	2702468	2	2722	2722
2702480	2703385	2	2723	2723
2703382	2704062	2	2724	2724
2704334	2705308	2	2725	2725
2705324	2707123	2	2726	2726
2707321	2707800	2	2727	2727
2707797	2708753	2	2728	2728
2708753	2709403	2	2729	2729
2709436	2710011	2	2730	2730
2710008	2710163	2	2731	2731
2710419	2712041	1	2732	2732
2712026	2712763	2	2733	2733
2712895	2714229	1	2734	2734
2714438	2715319	2	2735	2735
2715422	2716009	1	2736	2736
2716065	2716448	2	2737	2737
2716753	2717442	1	2738	2738
2717490	2718527	2	2739	2739
2718734	2719153	1	2740	2740
2719222	2719920	1	2741	2741
2719952	2722612	1	2742	2742
2722701	2722742	1	2743	2743
2722726	2724081	1	2744	2744
2724127	2724450	1	2745	2745
2724447	2725745	2	2746	2746
2725924	2725986	1	2747	2747
2726068	2726187	2	2748	2748
2726280	2729183	2	2749	2749
2729368	2729443	2	2750	2750
2729615	2731156	2	2751	2751
2731599	2734172	2	2752	2752
2734152	2734294	2	2753	2753
2734302	2735033	2	2754	2754
2735030	2736010	2	2755	2755
2736145	2736882	1	2756	2756
2737153	2737494	1	2757	2757
2737380	2737541	1	2758	2758
2737598	2737645	1	2759	2759
2737744	2738904	1	2760	2760
2738947	2740068	2	2761	2761
2740079	2741149	2	2762	2762
2741359	2741724	1	2763	2763
2741874	2742392	1	2764	2764
2742382	2743608	1	2765	2765
2743624	2744106	1	2766	2766
2744182	2744529	2	2767	2767
2744571	2745338	2	2768	2768
2745369	2745917	2	2769	2769
2745936	2746184	2	2770	2770
2746433	2747794	2	2771	2771
2747961	2748752	1	2772	2772
2748773	2750059	1	2773	2773
2750114	2750707	2	2774	2774
2750830	2751708	1	2775	2775
2751794	2753455	1	2776	2776
2753604	2753945	1	2777	2777
2754007	2754297	2	2778	2778
2754287	2754763	2	2779	2779
2754895	2755377	1	2780	2780
2755592	2755954	1	2781	2781
2756158	2757399	1	2782	2782
2757643	2758599	2	2783	2783
2758643	2758855	1	2784	2784
2758984	2760393	1	2785	2785
2760546	2761172	1	2786	2786
2761350	2763539	2	2787	2787
2763536	2765152	2	2788	2788
2765512	2765775	2	2789	2789
2765917	2766990	1	2790	2790
2766983	2767354	1	2791	2791
2767709	2768572	1	2792	2792
2768664	2769485	1	2793	2793
2769702	2770403	1	2794	2794
2770444	2770680	1	2795	2795
2770680	2771123	1	2796	2796
2771147	2771614	1	2797	2797
2771839	2772153	2	2798	2798
2772166	2773181	2	2799	2799
2773317	2775020	1	2800	2800
2775544	2775815	1	2801	2801
2775918	2776376	1	2802	2802
2776385	2776867	1	2803	2803
2776876	2777076	1	2804	2804
2777114	2777431	1	2805	2805
2777452	2777781	1	2806	2806
2777971	2777984	1	2807	2807
2778145	2782725	2	2808	2808
2783064	2783303	2	2809	2809
2783637	2784428	2	2810	2810
2784528	2785010	2	2811	2811
2785761	2785836	2	2812	2812
2786396	2788648	1	2813	2813
2788984	2789961	1	2814	2814
2789981	2791249	1	2815	2815
2791272	2792720	1	2816	2816
2792734	2794014	1	2817	2817
2794252	2795652	1	2818	2818
2795673	2796335	1	2819	2819
2796336	2796785	2	2820	2820
2796869	2797027	2	2821	2821
2797210	2797509	1	2822	2822
2797519	2798043	1	2823	2823
2798090	2798494	2	2824	2824
2799163	2799612	1	2825	2825
2799649	2799993	2	2826	2826
2800145	2800474	1	2827	2827
2800722	2800967	1	2828	2828
2800964	2801374	1	2829	2829
2801347	2803491	1	2830	2830
2803501	2804460	1	2831	2831
2804814	2806016	1	2832	2832
2806009	2807073	1	2833	2833
2807131	2808123	1	2834	2834
2808315	2809492	1	2835	2835
2809616	2810353	1	2836	2836
2810343	2810678	1	2837	2837
2810769	2811299	1	2838	2838
2811426	2812598	1	2839	2839
2812615	2814153	1	2840	2840
2814217	2814732	2	2841	2841
2814801	2814873	1	2842	2842
2814882	2816438	2	2843	2843
2816511	2816939	2	2844	2844
2816936	2817502	2	2845	2845
2817783	2817859	2	2846	2846
2818058	2818134	2	2847	2847
2818197	2818273	2	2848	2848
2818472	2818548	2	2849	2849
2818552	2818644	2	2850	2850
2818960	2819145	2	2851	2851
2819380	2822010	2	2852	2852
2822138	2822638	2	2853	2853
2822707	2823768	2	2854	2854
2823848	2824345	2	2855	2855
2824490	2825575	2	2856	2856
2825831	2826394	1	2857	2857
2826391	2827350	1	2858	2858
2827361	2827732	1	2859	2859
2827736	2828515	1	2860	2860
2828620	2828979	1	2861	2861
2829046	2829819	1	2862	2862
2829812	2830777	1	2863	2863
2830774	2832288	2	2864	2864
2832475	2833914	1	2865	2865
2833911	2835044	1	2866	2866
2835172	2837424	2	2867	2867
2837577	2838104	2	2868	2868
2838253	2839263	2	2869	2869
2839523	2840980	1	2870	2870
2840989	2842413	1	2871	2871
2842572	2843042	2	2872	2872
2843035	2843445	2	2873	2873
2843442	2844209	2	2874	2874
2844209	2844751	2	2875	2875
2844761	2846470	2	2876	2876
2846488	2847411	2	2877	2877
2847414	2849240	2	2878	2878
2849237	2849848	2	2879	2879
2849973	2850434	2	2880	2880
2850646	2850996	1	2881	2881
2851000	2851872	1	2882	2882
2851863	2852135	1	2883	2883
2852135	2853256	1	2884	2884
2853253	2854263	1	2885	2885
2854337	2856415	1	2886	2886
2856452	2856805	2	2887	2887
2857092	2859653	1	2888	2888
2859759	2860415	1	2889	2889
2860466	2861233	2	2890	2890
2861429	2862337	1	2891	2891
2862334	2863500	1	2892	2892
2863592	2864230	1	2893	2893
2864235	2865011	1	2894	2894
2865100	2866464	1	2895	2895
2866558	2867550	2	2896	2896
2867613	2868752	2	2897	2897
2868892	2869518	2	2898	2898
2869512	2870273	2	2899	2899
2870254	2871303	2	2900	2900
2871300	2871779	2	2901	2901
2871779	2872489	2	2902	2902
2872508	2872819	2	2903	2903
2873013	2873336	2	2904	2904
2873386	2873991	2	2905	2905
2873991	2875418	2	2906	2906
2875420	2876328	2	2907	2907
2876580	2877617	1	2908	2908
2878568	2878852	2	2909	2909
2878854	2879771	2	2910	2910
2879787	2880386	2	2911	2911
2880373	2881047	2	2912	2912
2881050	2882141	2	2913	2913
2882154	2882636	2	2914	2914
2882629	2884137	2	2915	2915
2884552	2887218	2	2916	2916
2887352	2887410	1	2917	2917
2887577	2888311	2	2918	2918
2888386	2890098	2	2919	2919
2890098	2891897	2	2920	2920
2892213	2892578	1	2921	2921
2892656	2893927	1	2922	2922
2893918	2894178	1	2923	2923
2894195	2894770	1	2924	2924
2894918	2895778	2	2925	2925
2895775	2896554	2	2926	2926
2896532	2897869	2	2927	2927
2897963	2899417	2	2928	2928
2899487	2900272	2	2929	2929
2900591	2901868	1	2930	2930
2901895	2903373	1	2931	2931
2904746	2905417	2	2932	2932
2905556	2905696	1	2933	2933
2905710	2906582	1	2934	2934
2906642	2907940	2	2935	2935
2908028	2909665	2	2936	2936
2909893	2910684	2	2937	2937
2910755	2911090	2	2938	2938
2911050	2911449	1	2939	2939
2911090	2911338	2	2940	2940
2911416	2913650	2	2941	2941
2913698	2914999	2	2942	2942
2915056	2917812	1	2943	2943
2918044	2919384	2	2944	2944
2919405	2920745	2	2945	2945
2920747	2922099	2	2946	2946
2922534	2922983	2	2947	2947
2923001	2923783	2	2948	2948
2923783	2924112	2	2949	2949
2924155	2924523	2	2950	2950
2924734	2925279	2	2951	2951
2925347	2926195	1	2952	2952
2926307	2927671	1	2953	2953
2928228	2929517	1	2954	2954
2929575	2930942	1	2955	2955
2931054	2931809	1	2956	2956
2931864	2933012	2	2957	2957
2933040	2933687	2	2958	2958
2934234	2935550	1	2959	2959
2935583	2937358	1	2960	2960
2937467	2938885	1	2961	2961
2938887	2939309	1	2962	2962
2939367	2940098	1	2963	2963
2940142	2941242	2	2964	2964
2941235	2941630	2	2965	2965
2941649	2942566	2	2966	2966
2942695	2942900	1	2967	2967
2942917	2943144	2	2968	2968
2943336	2944541	1	2969	2969
2944541	2944984	1	2970	2970
2945035	2945841	2	2971	2971
2946080	2947177	2	2972	2972
2947386	2947462	1	2973	2973
2947496	2947572	1	2974	2974
2947606	2947682	1	2975	2975
2947756	2949009	2	2976	2976
2949241	2950572	1	2977	2977
2950634	2952460	2	2978	2978
2952460	2956002	2	2979	2979
2955995	2958883	2	2980	2980
2959059	2962427	2	2981	2981
2962440	2962763	2	2982	2982
2962748	2963155	2	2983	2983
2963152	2963715	2	2984	2984
2963706	2964176	2	2985	2985
2964360	2965154	2	2986	2986
2965161	2966036	2	2987	2987
2966187	2968433	2	2988	2988
2968446	2968976	2	2989	2989
2969329	2969475	2	2990	2990
2969661	2970350	1	2991	2991
2970419	2971132	1	2992	2992
2971270	2971488	1	2993	2993
2971596	2972636	1	2994	2994
2972668	2973861	2	2995	2995
2973854	2976013	2	2996	2996
2976101	2976188	2	2997	2997
2976303	2976384	2	2998	2998
2976598	2977629	1	2999	2999
2977636	2978898	2	3000	3000
2979020	2979955	1	3001	3001
2979942	2980634	2	3002	3002
2980763	2982181	2	3003	3003
2982496	2983257	2	3004	3004
2983287	2984123	2	3005	3005
2984410	2985591	2	3006	3006
2985846	2987075	1	3007	3007
2987535	2988167	1	3008	3008
2988501	2989310	1	3009	3009
2989303	2989785	1	3010	3010
2989818	2989898	2	3011	3011
2989934	2990359	2	3012	3012
2990553	2991042	1	3013	3013
2991267	2991758	1	3014	3014
2992093	2993469	1	3015	3015
2993637	2993855	1	3016	3016
2993938	2994440	1	3017	3017
2994459	2994902	2	3018	3018
2994936	2995091	2	3019	3019
2995313	2996019	2	3020	3020
2995961	2996359	2	3021	3021
2996371	2997276	2	3022	3022
2997234	2997599	2	3023	3023
2997688	2997987	2	3024	3024
2998033	2998827	2	3025	3025
2998983	2999056	2	3026	3026
2999135	2999890	2	3027	3027
3000344	3002602	1	3028	3028
3002613	3003491	1	3029	3029
3003488	3003967	1	3030	3030
3004007	3005785	2	3031	3031
3006261	3007451	1	3032	3032
3007509	3008705	1	3033	3033
3008763	3009974	1	3034	3034
3010027	3011412	1	3035	3035
3011460	3012392	1	3036	3036
3012613	3014238	2	3037	3037
3014286	3015056	2	3038	3038
3015159	3015737	1	3039	3039
3016059	3019157	1	3040	3040
3019160	3020488	1	3041	3041
3020539	3021318	1	3042	3042
3021315	3024185	1	3043	3043
3024350	3025750	1	3044	3044
3025765	3027084	1	3045	3045
3027120	3028487	1	3046	3046
3028523	3029011	2	3047	3047
3029011	3030930	2	3048	3048
3031366	3032814	1	3049	3049
3032816	3032941	1	3050	3050
3032938	3033009	2	3051	3051
3033064	3033612	1	3052	3052
3033656	3035173	2	3053	3053
3035183	3036281	2	3054	3054
3036372	3038105	2	3055	3055
3038111	3038821	2	3056	3056
3038846	3039742	2	3057	3057
3039854	3040375	1	3058	3058
3040415	3040822	2	3059	3059
3040803	3041069	2	3060	3060
3041312	3042292	1	3061	3061
3042488	3043147	2	3062	3062
3043311	3043622	2	3063	3063
3043661	3045100	1	3064	3064
3045157	3045900	2	3065	3065
3046167	3049040	2	3066	3066
3049159	3049548	2	3067	3067
3049572	3050666	2	3068	3068
3050957	3051040	1	3069	3069
3051114	3052316	2	3070	3070
3052339	3053517	2	3071	3071
3053514	3054839	2	3072	3072
3054865	3055443	2	3073	3073
3055611	3055940	1	3074	3074
3055982	3056164	1	3075	3075
3056240	3056788	1	3076	3076
3056850	3056990	1	3077	3077
3056889	3056948	2	3078	3078
3057177	3058409	2	3079	3079
3058665	3059324	2	3080	3080
3059380	3059610	2	3081	3081
3059752	3060645	1	3082	3082
3060849	3062993	1	3083	3083
3062986	3063981	1	3084	3084
3063992	3064777	1	3085	3085
3064801	3066279	1	3086	3086
3066276	3067172	2	3087	3087
3067339	3068079	2	3088	3088
3068172	3068807	2	3089	3089
3068946	3069806	2	3090	3090
3070164	3071243	2	3091	3091
3071458	3072621	2	3092	3092
3072671	3073690	2	3093	3093
3073975	3074688	2	3094	3094
3074685	3075194	2	3095	3095
3075216	3076181	2	3096	3096
3076178	3077455	2	3097	3097
3077470	3078858	2	3098	3098
3078886	3079329	2	3099	3099
3079643	3081634	2	3100	3100
3081912	3082670	1	3101	3101
3082876	3083796	2	3102	3102
3083934	3085910	2	3103	3103
3085919	3086050	2	3104	3104
3086144	3086287	2	3105	3105
3086186	3086401	1	3106	3106
3086398	3086649	2	3107	3107
3086705	3087859	1	3108	3108
3088283	3089677	1	3109	3109
3089754	3090251	1	3110	3110
3090346	3091053	1	3111	3111
3091133	3091864	1	3112	3112
3091877	3092827	1	3113	3113
3092936	3093499	1	3114	3114
3093499	3093915	1	3115	3115
3094099	3095079	2	3116	3116
3095097	3095801	1	3117	3117
3095819	3096385	1	3118	3118
3096382	3096672	1	3119	3119
3096680	3097273	1	3120	3120
3097266	3098402	1	3121	3121
3098557	3099564	2	3122	3122
3099681	3100727	2	3123	3123
3100903	3101622	2	3124	3124
3101806	3102132	2	3125	3125
3102132	3102851	2	3126	3126
3103012	3104064	1	3127	3127
3104092	3104367	1	3128	3128
3104432	3105511	1	3129	3129
3105713	3106969	1	3130	3130
3107019	3109154	2	3131	3131
3109316	3109399	2	3132	3132
3109552	3110259	1	3133	3133
3110365	3110440	1	3134	3134
3110589	3111125	2	3135	3135
3111127	3111987	2	3136	3136
3111265	3111324	1	3137	3137
3112053	3113048	2	3138	3138
3113066	3113476	2	3139	3139
3113542	3114351	2	3140	3140
3114549	3119111	2	3141	3141
3119596	3121278	2	3142	3142
3121633	3123804	2	3143	3143
3123826	3124230	2	3144	3144
3124235	3125458	2	3145	3145
3125469	3126521	2	3146	3146
3126521	3128020	2	3147	3147
3128271	3129035	1	3148	3148
3129042	3130214	2	3149	3149
3130213	3131193	1	3150	3150
3131340	3132407	2	3151	3151
3132453	3133211	2	3152	3152
3133243	3133956	2	3153	3153
3134130	3134822	1	3154	3154
3134871	3136370	2	3155	3155
3136662	3138521	2	3156	3156
3138726	3139592	1	3157	3157
3139715	3139963	2	3158	3158
3139976	3140317	2	3159	3159
3140310	3140798	2	3160	3160
3140791	3141285	2	3161	3161
3141285	3142988	2	3162	3162
3142985	3144163	2	3163	3163
3144153	3145139	2	3164	3164
3145142	3146260	2	3165	3165
3146449	3146736	2	3166	3166
3146855	3147690	2	3167	3167
3147596	3147739	2	3168	3168
3147896	3148936	1	3169	3169
3148976	3149470	2	3170	3170
3149661	3150545	1	3171	3171
3150817	3151242	2	3172	3172
3151249	3151983	2	3173	3173
3152235	3153422	1	3174	3174
3153562	3154221	1	3175	3175
3154261	3155217	2	3176	3176
3155354	3156517	1	3177	3177
3156622	3157449	1	3178	3178
3157649	3158575	1	3179	3179
3158626	3158883	1	3180	3180
3158926	3161145	2	3181	3181
3161256	3162668	2	3182	3182
3162743	3163480	2	3183	3183
3163714	3165972	2	3184	3184
3166110	3167717	2	3185	3185
3167850	3168245	2	3186	3186
3168247	3168543	2	3187	3187
3168748	3169230	2	3188	3188
3169283	3169675	2	3189	3189
3169827	3170486	1	3190	3190
3170483	3171832	1	3191	3191
3171878	3172210	2	3192	3192
3172529	3173110	1	3193	3193
3173141	3173455	1	3194	3194
3173503	3175395	2	3195	3195
3175424	3176005	2	3196	3196
3176005	3176832	2	3197	3197
3176857	3177279	2	3198	3198
3177280	3177909	2	3199	3199
3178114	3179595	1	3200	3200
3179743	3180414	1	3201	3201
3180420	3181580	1	3202	3202
3181618	3182433	2	3203	3203
3182549	3183322	1	3204	3204
3183380	3183550	2	3205	3205
3183812	3184465	2	3206	3206
3184839	3185129	1	3207	3207
3185413	3185964	1	3208	3208
3186024	3189864	1	3209	3209
3186186	3186551	1	3210	3210
3186509	3187414	1	3211	3211
3189880	3190629	1	3212	3212
3190631	3191695	1	3213	3213
3191738	3191938	2	3214	3214
3192207	3192836	1	3215	3215
3192863	3194524	1	3216	3216
3194720	3194864	2	3217	3217
3194765	3194824	1	3218	3218
3195096	3195239	2	3219	3219
3195140	3195199	1	3220	3220
3195319	3196752	2	3221	3221
3196800	3199640	2	3222	3222
3199663	3200964	2	3223	3223
3201206	3201826	1	3224	3224
3201890	3203128	1	3225	3225
3203309	3204130	2	3226	3226
3204220	3204588	2	3227	3227
3204693	3205310	1	3228	3228
3205323	3206255	2	3229	3229
3206462	3207373	1	3230	3230
3207370	3207975	1	3231	3231
3208023	3209486	1	3232	3232
3209529	3210542	2	3233	3233
3210780	3210995	1	3234	3234
3211106	3212851	1	3235	3235
3213046	3214887	1	3236	3236
3214966	3215472	2	3237	3237
3215597	3215672	1	3238	3238
3215726	3216490	2	3239	3239
3216778	3217401	1	3240	3240
3217555	3219075	2	3241	3241
3219493	3220872	1	3242	3242
3220914	3221246	2	3243	3243
3221465	3222448	1	3244	3244
3222632	3225724	1	3245	3245
3225721	3226170	1	3246	3246
3226233	3227666	1	3247	3247
3227800	3228870	1	3248	3248
3228887	3231238	1	3249	3249
3231664	3233682	1	3250	3250
3233727	3234143	2	3251	3251
3234140	3234454	2	3252	3252
3234738	3235874	2	3253	3253
3235959	3236462	1	3254	3254
3236539	3237231	1	3255	3255
3237310	3238296	1	3256	3256
3238579	3239544	1	3257	3257
3239943	3241187	1	3258	3258
3241192	3241743	2	3259	3259
3241826	3243313	2	3260	3260
3243328	3244740	2	3261	3261
3245223	3246521	1	3262	3262
3246651	3247427	1	3263	3263
3247667	3247750	1	3264	3264
3247772	3248434	1	3265	3265
3248438	3248821	1	3266	3266
3248968	3249336	1	3267	3267
3249374	3249679	1	3268	3268
3249682	3250086	1	3269	3269
3250076	3250375	1	3270	3270
3250561	3250953	1	3271	3271
3251023	3252009	1	3272	3272
3252303	3252668	1	3273	3273
3252910	3253266	1	3274	3274
3253317	3254213	2	3275	3275
3254318	3255019	1	3276	3276
3255042	3255206	1	3277	3277
3255340	3256650	2	3278	3278
3256678	3258009	2	3279	3279
3258284	3259648	2	3280	3280
3259720	3260109	2	3281	3281
3260123	3262417	2	3282	3282
3262451	3263659	2	3283	3283
3263685	3265016	2	3284	3284
3265038	3266027	2	3285	3285
3266126	3267064	2	3286	3286
3267379	3267597	1	3287	3287
3267853	3268392	1	3288	3288
3268414	3269601	1	3289	3289
3270215	3270591	2	3290	3290
3270624	3271769	2	3291	3291
3271866	3272750	2	3292	3292
3272786	3273556	2	3293	3293
3273572	3274906	2	3294	3294
3275281	3276852	1	3295	3295
3277001	3277336	1	3296	3296
3277336	3277800	1	3297	3297
3277855	3278664	2	3298	3298
3278913	3280193	1	3299	3299
3280216	3280689	1	3300	3300
3280700	3281101	1	3301	3301
3281121	3281624	1	3302	3302
3281975	3283129	1	3303	3303
3283142	3284002	1	3304	3304
3284169	3284645	1	3305	3305
3284684	3285487	1	3306	3306
3285477	3286268	1	3307	3307
3286269	3287024	1	3308	3308
3287425	3288009	1	3309	3309
3288089	3288784	1	3310	3310
3288813	3291329	1	3311	3311
3291340	3292431	1	3312	3312
3292474	3293334	2	3313	3313
3293399	3295435	1	3314	3314
3295393	3295788	1	3315	3315
3295808	3296398	1	3316	3316
3296408	3296983	1	3317	3317
3297097	3298137	2	3318	3318
3298210	3298845	2	3319	3319
3298973	3299491	1	3320	3320
3299471	3299914	2	3321	3321
3299965	3300267	1	3322	3322
3300254	3300757	2	3323	3323
3300751	3301275	2	3324	3324
3301484	3302479	1	3325	3325
3302488	3303366	1	3326	3326
3303447	3304454	1	3327	3327
3304572	3305816	2	3328	3328
3305970	3307859	2	3329	3329
3307852	3307932	2	3330	3330
3308039	3308923	2	3331	3331
3309032	3311167	2	3332	3332
3311182	3311397	1	3333	3333
3311414	3311683	2	3334	3334
3311832	3312776	2	3335	3335
3312776	3313177	2	3336	3336
3313341	3316013	2	3337	3337
3316038	3317525	2	3338	3338
3317553	3318005	2	3339	3339
3318212	3318288	2	3340	3340
3318636	3319979	1	3341	3341
3319987	3321612	2	3342	3342
3322071	3322157	2	3343	3343
3322172	3322504	2	3344	3344
3322732	3324069	2	3345	3345
3324062	3324910	2	3346	3346
3325000	3326934	2	3347	3347
3327034	3327663	2	3348	3348
3327789	3328082	1	3349	3349
3328238	3328714	2	3350	3350
3328962	3330395	1	3351	3351
3330581	3331753	2	3352	3352
3331769	3332734	2	3353	3353
3332861	3333118	2	3354	3354
3333139	3333450	2	3355	3355
3333709	3334680	1	3356	3356
3334908	3335186	1	3357	3357
3335234	3336493	2	3358	3358
3336548	3336802	2	3359	3359
3336962	3337255	2	3360	3360
3337255	3337890	2	3361	3361
3337909	3338460	2	3362	3362
3338465	3339247	2	3363	3363
3339255	3340064	2	3364	3364
3340274	3341251	1	3365	3365
3341265	3342251	1	3366	3366
3342272	3342838	1	3367	3367
3342835	3343410	1	3368	3368
3343379	3343936	1	3369	3369
3343943	3344668	1	3370	3370
3344716	3346149	1	3371	3371
3346172	3346459	1	3372	3372
3346577	3347068	1	3373	3373
3347114	3347968	1	3374	3374
3347965	3348237	1	3375	3375
3348451	3349083	1	3376	3376
3349080	3349808	2	3377	3377
3349805	3350458	2	3378	3378
3350576	3350696	1	3379	3379
3350688	3353024	2	3380	3380
3353120	3354049	2	3381	3381
3354724	3359184	1	3382	3382
3359197	3360615	1	3383	3383
3361175	3361939	1	3384	3384
3362111	3362785	1	3385	3385
3362806	3365187	1	3386	3386
3365184	3366928	1	3387	3387
3365701	3366681	2	3388	3388
3366925	3367641	1	3389	3389
3367826	3368953	1	3390	3390
3369013	3369477	2	3391	3391
3369474	3370349	2	3392	3392
3370346	3371035	2	3393	3393
3371083	3372573	2	3394	3394
3372682	3373575	2	3395	3395
3373697	3374488	2	3396	3396
3374868	3376235	1	3397	3397
3376278	3376775	2	3398	3398
3376781	3377419	2	3399	3399
3377814	3378206	2	3400	3400
3378222	3378650	2	3401	3401
3378869	3379996	2	3402	3402
3380190	3380588	1	3403	3403
3380742	3382109	1	3404	3404
3382199	3383266	1	3405	3405
3383329	3384267	2	3406	3406
3384702	3385172	1	3407	3407
3385537	3385800	1	3408	3408
3385856	3386128	2	3409	3409
3386220	3388187	2	3410	3410
3388193	3389125	2	3411	3411
3389133	3389336	2	3412	3412
3389519	3390448	1	3413	3413
3390582	3392027	2	3414	3414
3392457	3396257	2	3415	3415
3396325	3397794	2	3416	3416
3397784	3398377	2	3417	3417
3398386	3398874	2	3418	3418
3398874	3399977	2	3419	3419
3400043	3401086	2	3420	3420
3401391	3403331	2	3421	3421
3403483	3404457	1	3422	3422
3404494	3404636	1	3423	3423
3404637	3405030	1	3424	3424
3405435	3405905	1	3425	3425
3405916	3407265	1	3426	3426
3407374	3407616	1	3427	3427
3407606	3409057	1	3428	3428
3409069	3409950	1	3429	3429
3410279	3411244	1	3430	3430
3411270	3411566	1	3431	3431
3411652	3412536	1	3432	3432
3412620	3412799	1	3433	3433
3412802	3413464	2	3434	3434
3413863	3415020	1	3435	3435
3415032	3418136	1	3436	3436
3418389	3418610	1	3437	3437
3419041	3420065	1	3438	3438
3420133	3421314	1	3439	3439
3421324	3422427	1	3440	3440
3422435	3423193	1	3441	3441
3423422	3423541	2	3442	3442
3423579	3423654	2	3443	3443
3423667	3423786	2	3444	3444
3423879	3426782	2	3445	3445
3426957	3427032	2	3446	3446
3427075	3427151	2	3447	3447
3427220	3428761	2	3448	3448
3429235	3429789	1	3449	3449
3429765	3430022	2	3450	3450
3430019	3430837	2	3451	3451
3430842	3431414	2	3452	3452
3431419	3431961	2	3453	3453
3431990	3432463	2	3454	3454
3432435	3433559	2	3455	3455
3433689	3434198	1	3456	3456
3434213	3435160	1	3457	3457
3435206	3436495	1	3458	3458
3436517	3437893	1	3459	3459
3438023	3438433	1	3460	3460
3438430	3438483	2	3462	3462
3438430	3438648	2	3461	3461
3438704	3439129	2	3463	3463
3439140	3439508	2	3464	3464
3439615	3439998	2	3465	3465
3440039	3441028	2	3466	3466
3441054	3441674	2	3467	3467
3441708	3442097	2	3468	3468
3442114	3442470	2	3469	3469
3442617	3442733	2	3470	3470
3442765	3444096	2	3471	3471
3444104	3444538	2	3472	3472
3444542	3444721	2	3473	3473
3444725	3445228	2	3474	3474
3445243	3445596	2	3475	3475
3445606	3446139	2	3476	3476
3446152	3446544	2	3477	3477
3446578	3446883	2	3478	3478
3446898	3447437	2	3479	3479
3447452	3447766	2	3480	3480
3447777	3448148	2	3481	3481
3448313	3448567	2	3482	3482
3448567	3448758	2	3483	3483
3448758	3449168	2	3484	3484
3449181	3449882	2	3485	3485
3449900	3450232	2	3486	3486
3450247	3450525	2	3487	3487
3450542	3451363	2	3488	3488
3451381	3451683	2	3489	3489
3451680	3452285	2	3490	3490
3452296	3452925	2	3491	3491
3452958	3453269	2	3492	3492
3453507	3453926	2	3493	3493
3453928	3455397	2	3494	3494
3455577	3456392	1	3495	3495
3456376	3458328	1	3496	3496
3458338	3459819	1	3497	3497
3459816	3461012	1	3498	3498
3461022	3461459	1	3499	3499
3461467	3461976	1	3500	3500
3461973	3462350	1	3501	3501
3462343	3462930	1	3502	3502
3462923	3463906	1	3503	3503
3463921	3465084	1	3504	3504
3465081	3465542	1	3505	3505
3465542	3466219	1	3506	3506
3466248	3466724	2	3507	3507
3466796	3466990	2	3508	3508
3467159	3469852	2	3509	3509
3470144	3471328	2	3510	3510
3471399	3473513	2	3511	3511
3473541	3474080	2	3512	3512
3474177	3474551	2	3513	3513
3474677	3474964	2	3514	3514
3474972	3475331	2	3515	3515
3475331	3475717	2	3516	3516
3475717	3476439	2	3517	3517
3476606	3477418	2	3518	3518
3477639	3477857	1	3519	3519
3477906	3478496	2	3520	3520
3478591	3478791	2	3521	3521
3478801	3480606	2	3522	3522
3480606	3481160	2	3523	3523
3481288	3483201	1	3524	3524
3483201	3484223	1	3525	3525
3484217	3484435	1	3526	3526
3484489	3485358	1	3527	3527
3485413	3485817	2	3528	3528
3485952	3486230	2	3529	3529
3486119	3486751	1	3530	3530
3486790	3488892	1	3531	3531
3488959	3490179	2	3532	3532
3490131	3490184	2	3533	3533
3490265	3490828	2	3534	3534
3490860	3491462	2	3535	3535
3491452	3491619	2	3536	3536
3491724	3492296	2	3537	3537
3492567	3493748	1	3538	3538
3494010	3496553	1	3539	3539
3496550	3496876	1	3540	3540
3497002	3497808	1	3541	3541
3497827	3499200	1	3542	3542
3499447	3499614	1	3543	3543
3499909	3501246	1	3544	3544
3501267	3502289	1	3545	3545
3502339	3503169	1	3546	3546
3503166	3503951	1	3547	3547
3504051	3504782	1	3548	3548
3504934	3506019	2	3549	3549
3506031	3507335	2	3550	3550
3507347	3507700	2	3551	3551
3507711	3508589	2	3552	3552
3508586	3509812	2	3553	3553
3509812	3510975	2	3554	3554
3511059	3511421	2	3555	3555
3511438	3512343	2	3556	3556
3512633	3513637	2	3557	3557
3513630	3514388	2	3558	3558
3514381	3515058	2	3559	3559
3515076	3515912	2	3560	3560
3516019	3517305	2	3561	3561
3517397	3518485	2	3562	3562
3518542	3519063	2	3563	3563
3519464	3520702	2	3564	3564
3520614	3521018	2	3565	3565
3521008	3521448	2	3566	3566
3521432	3521971	2	3567	3567
3521971	3522750	2	3568	3568
3522870	3525422	1	3569	3569
3525588	3526148	2	3570	3570
3526468	3528603	1	3571	3571
3528668	3529336	1	3572	3572
3529347	3529748	1	3573	3573
3529773	3530651	1	3574	3574
3530714	3532438	2	3575	3575
3532817	3534439	1	3576	3576
3534515	3535867	2	3577	3577
3535864	3536583	2	3578	3578
3536437	3536774	1	3579	3579
3536811	3537287	1	3580	3580
3537384	3539705	1	3581	3581
3540162	3540389	1	3582	3582
3540406	3542727	1	3583	3583
3542727	3542963	1	3584	3584
3543166	3544044	1	3585	3585
3544073	3544843	2	3586	3586
3544881	3545564	1	3587	3587
3545623	3546198	1	3588	3588
3546558	3547874	1	3589	3589
3547985	3550069	2	3590	3590
3550079	3552472	2	3591	3591
3553084	3555789	1	3592	3592
3555832	3556848	2	3593	3593
3556852	3558078	2	3594	3594
3558267	3559865	1	3595	3595
3559847	3560604	2	3596	3596
3560621	3561451	2	3597	3597
3561496	3561822	2	3598	3598
3562012	3563517	1	3599	3599
3563723	3564004	2	3600	3600
3564133	3566580	2	3601	3601
3566599	3568032	2	3602	3602
3568032	3569327	2	3603	3603
3569345	3571318	2	3604	3604
3571315	3573501	2	3605	3605
3573659	3573700	2	3606	3606
3573678	3573707	2	3607	3607
3573774	3574877	2	3608	3608
3575070	3575663	1	3609	3609
3575720	3577060	2	3610	3610
3577064	3577591	2	3611	3611
3577730	3578725	2	3612	3612
3578949	3579644	2	3613	3613
3579767	3580804	2	3614	3614
3580921	3581015	2	3615	3615
3581137	3581625	1	3616	3616
3581862	3583040	1	3617	3617
3583037	3584308	1	3618	3618
3583482	3583757	1	3619	3619
3583676	3584179	1	3620	3620
3584403	3584558	1	3621	3621
3584758	3585042	1	3622	3622
3585080	3586822	2	3623	3623
3586942	3587382	1	3624	3624
3587369	3588112	2	3625	3625
3588109	3589179	2	3626	3626
3589181	3590026	2	3627	3627
3590023	3590910	2	3628	3628
3591008	3592324	2	3629	3629
3592723	3593436	2	3630	3630
3593438	3594205	2	3631	3631
3594202	3595479	2	3632	3632
3595476	3596402	2	3633	3633
3596450	3597559	2	3634	3634
3597983	3598366	1	3635	3635
3598554	3599657	2	3636	3636
3599928	3600782	2	3637	3637
3601027	3602085	2	3638	3638
3602078	3602746	2	3639	3639
3602749	3604242	2	3640	3640
3604392	3604988	1	3641	3641
3604978	3605247	1	3642	3642
3605250	3605609	2	3643	3643
3605750	3606376	1	3644	3644
3606450	3608648	1	3645	3645
3608750	3608995	2	3646	3646
3609216	3609881	1	3647	3647
3609954	3610511	1	3648	3648
3610515	3611732	2	3649	3649
3611864	3612913	1	3650	3650
3612968	3613555	1	3651	3651
3613666	3615240	1	3652	3652
3615240	3616184	1	3653	3653
3616181	3617014	1	3654	3654
3617014	3617778	1	3655	3655
3617775	3618581	1	3656	3656
3618587	3618988	1	3657	3657
3619191	3623426	1	3658	3658
3623398	3623781	1	3659	3659
3623886	3624131	1	3660	3660
3624377	3625513	1	3661	3661
3625678	3626802	2	3662	3662
3626802	3629537	2	3663	3663
3629534	3630601	2	3664	3664
3630664	3630777	2	3665	3665
3630967	3632589	2	3666	3666
3632851	3634457	2	3667	3667
3634840	3635892	1	3668	3668
3636207	3637409	2	3669	3669
3637641	3639140	1	3670	3670
3639384	3639719	2	3671	3671
3640110	3640544	1	3672	3672
3640611	3640685	2	3673	3673
3640642	3640695	2	3674	3674
3640861	3642330	1	3675	3675
3642379	3643131	2	3676	3676
3643139	3645181	2	3677	3677
3645384	3646226	1	3678	3678
3646298	3647650	1	3679	3679
3647704	3647787	2	3680	3680
3648062	3648143	1	3681	3681
3648293	3648374	1	3682	3682
3648527	3648880	1	3683	3683
3648934	3650223	1	3684	3684
3650236	3650661	1	3685	3685
3651290	3653712	1	3686	3686
3652181	3653161	2	3687	3687
3653960	3654526	1	3688	3688
3654682	3655212	1	3689	3689
3655254	3655901	2	3690	3690
3655965	3656291	2	3691	3691
3656407	3656739	2	3692	3692
3656994	3657566	1	3693	3693
3657984	3658053	2	3694	3694
3658365	3658892	1	3695	3695
3658991	3659081	1	3696	3696
3659231	3660388	1	3697	3697
3660413	3663526	1	3698	3698
3663889	3664617	2	3699	3699
3664863	3664968	1	3700	3700
3664985	3665809	2	3701	3701
3666179	3667579	2	3702	3702
3667790	3669187	2	3703	3703
3669591	3671240	1	3704	3704
3671291	3671893	2	3705	3705
3672413	3673312	1	3706	3706
3673361	3674374	1	3707	3707
3674785	3676107	1	3708	3708
3676289	3678349	2	3709	3709
3678419	3679186	2	3710	3710
3679418	3680347	1	3711	3711
3680443	3681939	2	3712	3712
3682160	3683446	2	3713	3713
3683629	3685617	2	3714	3714
3685699	3689172	2	3715	3715
3689154	3690260	2	3716	3716
3690267	3692606	2	3717	3717
3692617	3695235	2	3718	3718
3695232	3695984	2	3719	3719
3695996	3696184	2	3720	3720
3696457	3698028	1	3721	3721
3698025	3698216	1	3722	3722
3698213	3699892	1	3723	3723
3699979	3700086	2	3724	3724
3700135	3700198	1	3725	3725
3700562	3701833	1	3726	3726
3701863	3702867	2	3727	3727
3702864	3703847	2	3728	3728
3703858	3704760	2	3729	3729
3704770	3705789	2	3730	3730
3706097	3707704	2	3731	3731
3708615	3708691	2	3732	3732
3708783	3710474	2	3733	3733
3710798	3712006	2	3734	3734
3712235	3712933	2	3735	3735
3713091	3713654	1	3736	3736
3713651	3714091	1	3737	3737
3714060	3716393	2	3738	3738
3716546	3717205	1	3739	3739
3717309	3718283	1	3740	3740
3718333	3719043	2	3741	3741
3719477	3719767	1	3742	3742
3720048	3720260	1	3743	3743
3720399	3720470	1	3744	3744
3720447	3720599	2	3746	3746
3720447	3720631	2	3745	3745
3720679	3721200	1	3747	3747
3721197	3722048	1	3748	3748
3722076	3722110	1	3749	3749
3722327	3724396	2	3750	3750
3724406	3725317	2	3751	3751
3725412	3725711	2	3752	3752
3725886	3726881	1	3753	3753
3726923	3727360	2	3754	3754
3727406	3727747	2	3755	3755
3727916	3729370	2	3756	3756
3729385	3729544	2	3757	3757
3729442	3730764	2	3758	3758
3731130	3732122	1	3759	3759
3732200	3733741	1	3760	3760
3733719	3734900	1	3761	3761
3734978	3736156	1	3762	3762
3736352	3737176	2	3763	3763
3737176	3737202	2	3764	3764
3737496	3739526	1	3765	3765
3739704	3740957	1	3766	3766
3741108	3741581	2	3767	3767
3741683	3742531	2	3768	3768
3742732	3743730	1	3769	3769
3743742	3744209	1	3770	3770
3744327	3744800	1	3771	3771
3744803	3746080	1	3772	3772
3746093	3747079	1	3773	3773
3747083	3748579	1	3774	3774
3748576	3749238	1	3775	3775
3749231	3750091	1	3776	3776
3750085	3750780	1	3777	3777
3750812	3750913	2	3778	3778
3750917	3751108	1	3779	3779
3751127	3751867	2	3780	3780
3751991	3752965	1	3781	3781
3752962	3754098	2	3782	3782
3754104	3754427	2	3783	3783
3754972	3756510	2	3784	3784
3756675	3757826	2	3785	3785
3758016	3759860	2	3786	3786
3759857	3761248	2	3787	3787
3761346	3761954	2	3788	3788
3762182	3766315	1	3789	3789
3766336	3767178	1	3790	3790
3767220	3767921	1	3791	3791
3768176	3768637	1	3792	3792
3768638	3768889	1	3793	3793
3768891	3769255	1	3794	3794
3769344	3769679	1	3795	3795
3769947	3770145	1	3796	3796
3770242	3771378	2	3797	3797
3771381	3771743	2	3798	3798
3772280	3774193	1	3799	3799
3774423	3775571	1	3800	3800
3775571	3776158	1	3801	3801
3776170	3776379	2	3802	3802
3776664	3777026	1	3803	3803
3777398	3779053	1	3804	3804
3779053	3779829	1	3805	3805
3779826	3781016	1	3806	3806
3781214	3781687	1	3807	3807
3781740	3782561	2	3808	3808
3782641	3783660	2	3809	3809
3783660	3784127	2	3810	3810
3784190	3784441	2	3811	3811
3784583	3785014	2	3812	3812
3785259	3786803	1	3813	3813
3786837	3788096	1	3814	3814
3788100	3789059	1	3815	3815
3789046	3790080	2	3816	3816
3790319	3791344	2	3817	3817
3791354	3792550	2	3818	3818
3792825	3793682	2	3819	3819
3793986	3794918	1	3820	3820
3794928	3795974	1	3821	3821
3795978	3796937	1	3822	3822
3796947	3798206	1	3823	3823
3797771	3798013	2	3824	3824
3798038	3798148	2	3825	3825
3798238	3799311	2	3826	3826
3799344	3800195	2	3827	3827
3800266	3800964	2	3828	3828
3800982	3801998	2	3829	3829
3802038	3803057	2	3830	3830
3803057	3804136	2	3831	3831
3804180	3805115	2	3832	3832
3805152	3805949	2	3833	3833
3805942	3807066	2	3834	3834
3807063	3808097	2	3835	3835
3808165	3808237	2	3836	3836
3808539	3809816	1	3837	3837
3809824	3810303	1	3838	3838
3810342	3811151	2	3839	3839
3811249	3811416	2	3840	3840
3811437	3811673	2	3841	3841
3811890	3812558	2	3842	3842
3812730	3813950	1	3843	3843
3813928	3814386	1	3844	3844
3814493	3815089	1	3845	3845
3815126	3815767	2	3846	3846
3815862	3816548	2	3847	3847
3816675	3817538	1	3848	3848
3817759	3818583	1	3849	3849
3818873	3819490	1	3850	3850
3819487	3821169	2	3851	3851
3821427	3822050	1	3852	3852
3822105	3822380	1	3853	3853
3822399	3824507	1	3854	3854
3824514	3825203	1	3855	3855
3825209	3827290	1	3856	3856
3827459	3828664	2	3857	3857
3828944	3830335	1	3858	3858
3830456	3832165	1	3859	3859
3832218	3834536	2	3860	3860
3834546	3835928	2	3861	3861
3836221	3836315	1	3862	3862
3836424	3836555	1	3863	3863
3836952	3838136	1	3864	3864
3838247	3839170	1	3865	3865
3838641	3838700	2	3866	3866
3839174	3839992	2	3867	3867
3840214	3840507	1	3868	3868
3840548	3841738	2	3869	3869
3841949	3842401	2	3870	3870
3842454	3843788	2	3871	3871
3843963	3845729	1	3872	3872
3845729	3845994	2	3873	3873
3845775	3847166	2	3874	3874
3847304	3848623	2	3875	3875
3848633	3850135	2	3876	3876
3850135	3850725	2	3877	3877
3850801	3851091	2	3878	3878
3851095	3852783	2	3879	3879
3852889	3852987	2	3880	3880
3853117	3853256	2	3881	3881
3853552	3853641	1	3882	3882
3853765	3853839	2	3883	3883
3853921	3855105	1	3884	3884
3855113	3855610	2	3885	3885
3855607	3855969	2	3886	3886
3855959	3856306	2	3887	3887
3856414	3856863	1	3888	3888
3856910	3858403	2	3889	3889
3858400	3860115	2	3890	3890
3860282	3861175	1	3891	3891
3861172	3861986	2	3892	3892
3861986	3862471	2	3893	3893
3862496	3863602	2	3894	3894
3863898	3864614	1	3895	3895
3864611	3866272	2	3896	3896
3866468	3866896	2	3897	3897
3867008	3867421	2	3898	3898
3867727	3868059	1	3899	3899
3868061	3869308	2	3900	3900
3869376	3870440	1	3901	3901
3870437	3871729	2	3902	3902
3871849	3872997	2	3903	3903
3872994	3873611	2	3904	3904
3873595	3874473	2	3905	3905
3874470	3875159	2	3906	3906
3875437	3876093	1	3907	3907
3876139	3876951	2	3908	3908
3877066	3877464	2	3909	3909
3877704	3880118	2	3910	3910
3880147	3881220	2	3911	3911
3881220	3882320	2	3912	3912
3882325	3883728	2	3913	3913
3884025	3884105	1	3914	3914
3884335	3884475	1	3915	3915
3884492	3884851	1	3916	3916
3884815	3885072	1	3917	3917
3885075	3886721	1	3918	3918
3886827	3888191	1	3919	3919
3888434	3888508	1	3920	3920
3888729	3890144	1	3921	3921
3890235	3891482	1	3922	3922
3891614	3892789	1	3923	3923
3892764	3893723	1	3924	3924
3893880	3894629	1	3925	3925
3894651	3895217	1	3926	3926
3895271	3896608	2	3927	3927
3896773	3897438	1	3928	3928
3897505	3897972	1	3929	3929
3898021	3898608	1	3930	3930
3898670	3899392	2	3931	3931
3899407	3900576	2	3932	3932
3900603	3902219	2	3933	3933
3902288	3903700	2	3934	3934
3903719	3905596	2	3935	3935
3905730	3906566	2	3936	3936
3906852	3907577	2	3937	3937
3907592	3908365	2	3938	3938
3908548	3909438	2	3939	3939
3909438	3910397	2	3940	3940
3910484	3911524	2	3941	3941
3911838	3913667	2	3942	3942
3913829	3915199	2	3943	3943
3915552	3915971	2	3944	3944
3915992	3917374	2	3945	3945
3917401	3918264	2	3946	3946
3918315	3919856	2	3947	3947
3919869	3920402	2	3948	3948
3920417	3920887	2	3949	3949
3920949	3921188	2	3950	3950
3921235	3922050	2	3951	3951
3922059	3922439	2	3952	3952
3923056	3923679	2	3953	3953
3923743	3925632	2	3954	3954
3926011	3926454	2	3955	3955
3926544	3927002	2	3956	3956
3927154	3928146	1	3957	3957
3928151	3929602	2	3958	3958
3929596	3931092	2	3959	3959
3931315	3933183	1	3960	3960
3933350	3933769	1	3961	3961
3933777	3935282	1	3962	3962
3935287	3936252	1	3963	3963
3936277	3937167	1	3964	3964
3937044	3937277	1	3965	3965
3937293	3938222	1	3966	3966
3938226	3939218	1	3967	3967
3939184	3940611	2	3968	3968
3940634	3941326	2	3969	3969
3941807	3943348	1	3970	3970
3943434	3943509	1	3971	3971
3943703	3946606	1	3972	3972
3946699	3946818	1	3973	3973
3946871	3946947	1	3974	3974
3946956	3947031	1	3975	3975
3947127	3947966	2	3976	3976
3948085	3948423	1	3977	3977
3948448	3949968	2	3978	3978
3950321	3950419	1	3979	3979
3950506	3950556	1	3980	3980
3950559	3952203	1	3981	3981
3952200	3952463	1	3982	3982
3952483	3953412	1	3983	3983
3953477	3955327	1	3984	3984
3955330	3956874	1	3985	3985
3956926	3957819	2	3986	3986
3957969	3959444	1	3987	3987
3959531	3959812	2	3988	3988
3960011	3960459	2	3989	3989
3960676	3962697	1	3990	3990
3962744	3964228	2	3991	3991
3964364	3965629	2	3992	3992
3965760	3966089	1	3993	3993
3966230	3966331	1	3994	3994
3966416	3967675	1	3995	3995
3967915	3969018	1	3996	3996
3969030	3970076	1	3997	3997
3970132	3971262	1	3998	3998
3971259	3972521	1	3999	3999
3972521	3973588	1	4000	4000
3973607	3974488	1	4001	4001
3974466	3975140	1	4002	4002
3975145	3976275	1	4003	4003
3976277	3977527	1	4004	4004
3977524	3978603	1	4005	4005
3978600	3979952	1	4006	4006
3979955	3980695	1	4007	4007
3980886	3982271	1	4008	4008
3982374	3982450	1	4009	4009
3982508	3982584	1	4010	4010
3982605	3982691	1	4011	4011
3982734	3982810	1	4012	4012
3982957	3984192	1	4013	4013
3984351	3986006	2	4014	4014
3986431	3986602	1	4015	4015
3986685	3987881	2	4016	4016
3987884	3989065	2	4017	4017
3989087	3989827	2	4018	4018
3989824	3990765	2	4019	4019
3991152	3993698	1	4020	4020
3993738	3994058	2	4021	4021
3993849	3994334	1	4022	4022
3994521	3994724	1	4023	4023
3994761	3995585	1	4024	4024
3995582	3996289	1	4025	4025
3996286	3997182	1	4026	4026
3997182	3997898	1	4027	4027
3997982	4000144	1	4028	4028
4000291	4001055	2	4029	4029
4001217	4001273	1	4030	4030
4001425	4002375	1	4031	4031
4002418	4002798	2	4032	4032
4002812	4003192	2	4033	4033
4003287	4004177	2	4034	4034
4004229	4004696	2	4035	4035
4004861	4005730	1	4036	4036
4005863	4007692	1	4037	4037
4007756	4008376	1	4038	4038
4008438	4009058	2	4039	4039
4009169	4010191	1	4040	4040
4010199	4010999	1	4041	4041
4011075	4011974	1	4042	4042
4011862	4012815	2	4043	4043
4013052	4015313	1	4044	4044
4015353	4016168	2	4045	4045
4016430	4017191	1	4046	4046
4017332	4018759	1	4047	4047
4018854	4019609	1	4048	4048
4019623	4020228	1	4049	4049
4019977	4020228	1	4050	4050
4020225	4021865	1	4051	4051
4021944	4022213	1	4052	4052
4022217	4022732	1	4053	4053
4022735	4023511	1	4054	4054
4023553	4024335	1	4055	4055
4024332	4024820	2	4056	4056
4024987	4026480	1	4057	4057
4026526	4027227	1	4058	4058
4027608	4028771	2	4059	4059
4028781	4030970	2	4060	4060
4031160	4032491	1	4061	4061
4032491	4033105	1	4062	4062
4033144	4034595	1	4063	4063
4034607	4035152	1	4064	4064
4035530	4037071	1	4065	4065
4037140	4037216	1	4066	4066
4037259	4037334	1	4067	4067
4037518	4040422	1	4068	4068
4040516	4040635	1	4069	4069
4040905	4041432	2	4070	4070
4041414	4041998	2	4071	4071
4042068	4042337	1	4072	4072
4042414	4043400	1	4073	4073
4043417	4044043	1	4074	4074
4044198	4045628	1	4075	4075
4045669	4046601	2	4076	4076
4046965	4049751	1	4077	4077
4049898	4050008	1	4078	4078
4049916	4049963	1	4079	4079
4050132	4050764	2	4080	4080
4051035	4051280	1	4081	4081
4051346	4051855	1	4082	4082
4052044	4053417	1	4083	4083
4053646	4053756	2	4084	4084
4053868	4055277	2	4085	4085
4055289	4056338	2	4086	4086
4056427	4056620	2	4087	4087
4056624	4058033	2	4088	4088
4058406	4060229	1	4089	4089
4060446	4061156	1	4090	4090
4061164	4062144	1	4091	4091
4062246	4063511	1	4092	4092
4063602	4064294	2	4093	4093
4064362	4065765	2	4094	4094
4065808	4067193	2	4095	4095
4067239	4069275	2	4096	4096
4069474	4070400	2	4097	4097
4070514	4071755	2	4098	4098
4071772	4072650	2	4099	4099
4072674	4073570	2	4100	4100
4073738	4074634	1	4101	4101
4074668	4075453	1	4102	4102
4075552	4076151	1	4103	4103
4076145	4077017	1	4104	4104
4077014	4077451	1	4105	4105
4077448	4078437	1	4106	4106
4079290	4079508	1	4107	4107
4079750	4079968	1	4108	4108
4080298	4081227	2	4109	4109
4081224	4081859	2	4110	4110
4081856	4082758	2	4111	4111
4082771	4085821	2	4112	4112
4086015	4086848	1	4113	4113
4087001	4088056	1	4114	4114
4088106	4089854	2	4115	4115
4089854	4090924	2	4116	4116
4090914	4092365	2	4117	4117
4092376	4092822	2	4118	4118
4093123	4093437	2	4119	4119
4093447	4094271	2	4120	4120
4094722	4095981	2	4121	4121
4095978	4097447	2	4122	4122
4097735	4098571	1	4123	4123
4098645	4099493	1	4124	4124
4099490	4100524	2	4125	4125
4100809	4101429	1	4126	4126
4101689	4102672	1	4127	4127
4102821	4103495	1	4128	4128
4103601	4104974	2	4129	4129
4104971	4105669	2	4130	4130
4105819	4106319	1	4131	4131
4106329	4106386	1	4132	4132
4106468	4107370	1	4133	4133
4107551	4108513	1	4134	4134
4108833	4109822	1	4135	4135
4109929	4110684	1	4136	4136
4110739	4111506	2	4137	4137
4111614	4112213	2	4138	4138
4112314	4112754	1	4139	4139
4112966	4113265	1	4140	4140
4113292	4113720	1	4141	4141
4113725	4114471	2	4142	4142
4114568	4115578	2	4143	4143
4115713	4117221	2	4144	4144
4117244	4118089	2	4145	4145
4118514	4118759	1	4146	4146
4118844	4119329	2	4147	4147
4119422	4120348	2	4148	4148
4120415	4121746	2	4149	4149
4121756	4122286	2	4150	4150
4122379	4123338	2	4151	4151
4123430	4124455	2	4152	4152
4124611	4126809	2	4153	4153
4127012	4127224	1	4154	4154
4127285	4127893	2	4155	4155
4128077	4128394	2	4156	4156
4128671	4129831	1	4157	4157
4129834	4132266	1	4158	4158
4132615	4133505	1	4159	4159
4133834	4136014	1	4160	4160
4136107	4137012	1	4161	4161
4137039	4137656	2	4162	4162
4137931	4139034	2	4163	4163
4139045	4139707	2	4164	4164
4139719	4142220	2	4165	4165
4142529	4143608	1	4166	4166
4143623	4143943	1	4167	4167
4143994	4146291	1	4168	4168
4146257	4147135	1	4169	4169
4147137	4147478	1	4170	4170
4147465	4148316	2	4171	4171
4148531	4150264	2	4172	4172
4150446	4153097	2	4173	4173
4153695	4154846	2	4174	4174
4155000	4156004	1	4175	4175
4156012	4156788	1	4176	4176
4156849	4158222	1	4177	4177
4158277	4158393	2	4178	4178
4158489	4159406	1	4179	4179
4159389	4160789	2	4180	4180
4161066	4161770	1	4181	4181
4161770	4162129	1	4182	4182
4162169	4163269	2	4183	4183
4163638	4165482	1	4184	4184
4165427	4166284	1	4185	4185
4166658	4168199	1	4186	4186
4168371	4168446	1	4187	4187
4168640	4171543	1	4188	4188
4171636	4171755	1	4189	4189
4172056	4173084	1	4190	4190
4173081	4174046	1	4191	4191
4174075	4175025	2	4192	4192
4175387	4175462	1	4193	4193
4175471	4175555	1	4194	4194
4175672	4175746	1	4195	4195
4175753	4175828	1	4196	4196
4175943	4177127	1	4197	4197
4177357	4177740	1	4198	4198
4177742	4178287	1	4199	4199
4178446	4178874	1	4200	4200
4178878	4179582	1	4201	4201
4179995	4180492	1	4202	4202
4180559	4180924	1	4203	4203
4181244	4185272	1	4204	4204
4185349	4189572	1	4205	4205
4189785	4190324	1	4206	4206
4190326	4190486	2	4207	4207
4190734	4191867	2	4208	4208
4191864	4192634	2	4209	4209
4192636	4192836	2	4210	4210
4192820	4193575	2	4211	4211
4193568	4194203	2	4212	4212
4194203	4196098	2	4213	4213
4196331	4196807	2	4214	4214
4196902	4197675	1	4215	4215
4197715	4198779	1	4216	4216
4198789	4199460	1	4217	4217
4199503	4200093	1	4218	4218
4200280	4200552	1	4219	4219
4200565	4201260	1	4220	4220
4201262	4201687	2	4221	4221
4201925	4203322	1	4222	4222
4203319	4204644	1	4223	4223
4204641	4205930	2	4224	4224
4205942	4207531	2	4225	4225
4208146	4209687	1	4226	4226
4209773	4209848	1	4227	4227
4210042	4212945	1	4228	4228
4213039	4213158	1	4229	4229
4213233	4213616	1	4230	4230
4213679	4214122	2	4231	4231
4214279	4215208	1	4232	4232
4215477	4217078	1	4233	4233
4217108	4218412	1	4234	4234
4218595	4220331	1	4235	4235
4218878	4218962	1	4236	4236
4220300	4222486	2	4237	4237
4222803	4223627	2	4238	4238
4223827	4227510	1	4239	4239
4227730	4229361	1	4240	4240
4229452	4230141	2	4241	4241
4230353	4231225	1	4242	4242
4231358	4231630	2	4243	4243
4231883	4233232	2	4244	4244
4233757	4235406	1	4245	4245
4235905	4236147	1	4246	4246
4236261	4236899	1	4247	4247
4236896	4237633	1	4248	4248
4237633	4239729	1	4249	4249
4239776	4240054	2	4250	4250
4240324	4240734	1	4251	4251
4240778	4242253	2	4252	4252
4242530	4242632	2	4253	4253
4242625	4243515	2	4254	4254
4243530	4245074	2	4255	4255
4245228	4246418	2	4256	4256
4246783	4247898	1	4257	4257
4247970	4249310	1	4258	4258
4249553	4250473	1	4259	4259
4250702	4252282	1	4260	4260
4252505	4253002	1	4261	4261
4253015	4253887	1	4262	4262
4254042	4256465	2	4263	4263
4256636	4257004	1	4264	4264
4257114	4257722	1	4265	4265
4257741	4259120	1	4266	4266
4259236	4259445	1	4267	4267
4259487	4260002	2	4268	4268
4260320	4260574	1	4269	4269
4260598	4261305	1	4270	4270
4261668	4262705	1	4271	4271
4262839	4263081	1	4272	4272
4263138	4263248	1	4273	4273
4263247	4264230	2	4274	4274
4264313	4265728	1	4275	4275
4265781	4266860	1	4276	4276
4267113	4268306	1	4277	4277
4268808	4269011	2	4278	4278
4269413	4270126	1	4279	4279
4270237	4270653	1	4280	4280
4270657	4271013	1	4281	4281
4271048	4273870	2	4282	4282
4274124	4274660	1	4283	4283
4274759	4275040	2	4284	4284
4275470	4277056	1	4285	4285
4277059	4277382	2	4286	4286
4277468	4277932	1	4287	4287
4277925	4278065	2	4288	4288
4278478	4279827	1	4289	4289
4279979	4281628	1	4290	4290
4281782	4283074	2	4291	4291
4283252	4284901	2	4292	4292
4284898	4285212	2	4293	4293
4285412	4287370	2	4294	4294
4287610	4287666	1	4295	4295
4287763	4289199	1	4296	4296
4289244	4289810	1	4297	4297
4289807	4290478	1	4298	4298
4290475	4291431	1	4299	4299
4291511	4293169	1	4300	4300
4293162	4293545	1	4301	4301
4293542	4294138	1	4302	4302
4294480	4295793	1	4303	4303
4296435	4297124	2	4304	4304
4297218	4299365	2	4305	4305
4299563	4301029	2	4306	4306
4301026	4303077	2	4307	4307
4303077	4304108	2	4308	4308
4304127	4304402	2	4309	4309
4304611	4306596	2	4310	4310
4306869	4307798	2	4311	4311
4307782	4308477	2	4312	4312
4308488	4309468	2	4313	4313
4309447	4310979	2	4314	4314
4311106	4312041	2	4315	4315
4312100	4312990	2	4316	4316
4313349	4313798	1	4317	4317
4313867	4314196	1	4318	4318
4314343	4315101	2	4319	4319
4315103	4315537	2	4320	4320
4315524	4316081	2	4321	4321
4316081	4317217	2	4322	4322
4317214	4317894	2	4323	4323
4318005	4318763	2	4324	4324
4318760	4319605	2	4325	4325
4319598	4320662	2	4326	4326
4320662	4321246	2	4327	4327
4321243	4321695	2	4328	4328
4321696	4322421	2	4329	4329
4322442	4323280	2	4330	4330
4323335	4324351	2	4331	4331
4324376	4325164	2	4332	4332
4325297	4325740	2	4333	4333
4326398	4326733	2	4334	4334
4327134	4329362	1	4335	4335
4329359	4330237	1	4336	4336
4330501	4332003	1	4337	4337
4332115	4332204	1	4338	4338
4332180	4333271	2	4339	4339
4333281	4333949	2	4340	4340
4333946	4335589	2	4341	4341
4335693	4337030	2	4342	4342
4337167	4337928	2	4343	4343
4338253	4340520	2	4344	4344
4340719	4341627	2	4345	4345
4341910	4343265	1	4346	4346
4343368	4344789	1	4347	4347
4344928	4345557	2	4348	4348
4345679	4347325	2	4349	4349
4347403	4348743	2	4350	4350
4349314	4350033	2	4351	4351
4350030	4351661	2	4352	4352
4351842	4352072	1	4353	4353
4352084	4352356	1	4354	4354
4352583	4352879	1	4355	4355
4352907	4353080	1	4356	4356
4353199	4354716	2	4357	4357
4354953	4356410	2	4358	4358
4356469	4358616	2	4359	4359
4358696	4360030	2	4360	4360
4360395	4361933	2	4361	4361
4362190	4362352	2	4362	4362
4362550	4362625	2	4363	4363
4362732	4363307	2	4364	4364
4363344	4365041	2	4365	4365
4365017	4365355	2	4366	4366
4365471	4366772	2	4367	4367
4366838	4366950	2	4368	4368
4366890	4368326	2	4369	4369
4368663	4369139	1	4370	4370
4369155	4370411	2	4371	4371
4370687	4370980	1	4372	4372
4371024	4372670	1	4373	4373
4372808	4373161	1	4374	4374
4373364	4374233	2	4375	4375
4374628	4375656	2	4376	4376
4375698	4376264	1	4377	4377
4376316	4376441	1	4378	4378
4376552	4376698	1	4379	4379
4376874	4377191	1	4380	4380
4377188	4377721	2	4381	4381
4377810	4378943	2	4382	4382
4379006	4379365	2	4383	4383
4379376	4379771	2	4384	4384
4379782	4380516	2	4385	4385
4380509	4382317	2	4386	4386
4382642	4383619	1	4387	4387
4383838	4385340	1	4388	4388
4385392	4385706	1	4389	4389
4385703	4386017	1	4390	4390
4386046	4389369	2	4391	4391
4389391	4390359	2	4392	4392
4390456	4391508	2	4393	4393
4391603	4392148	1	4394	4394
4392359	4392434	1	4395	4395
4392471	4392546	1	4396	4396
4392582	4392657	1	4397	4397
4392891	4392944	1	4398	4398
4392927	4394066	2	4399	4399
4394065	4395612	1	4400	4400
4395584	4396045	1	4401	4401
4396064	4397401	1	4402	4402
4397411	4399258	1	4403	4403
4399251	4400201	1	4404	4404
4400287	4400595	1	4405	4405
4400671	4401951	1	4406	4406
4402037	4403296	1	4407	4407
4403299	4404303	1	4408	4408
4404385	4404582	1	4409	4409
4404686	4405984	1	4410	4410
4406189	4406614	1	4411	4411
4406653	4409094	1	4412	4412
4409274	4410005	1	4413	4413
4410132	4410533	1	4414	4414
4410552	4411250	1	4415	4415
4411301	4411960	1	4416	4416
4411978	4412376	1	4417	4417
4412386	4413024	1	4418	4418
4413027	4414190	1	4419	4419
4414274	4415899	1	4420	4420
4416016	4416291	2	4421	4421
4416440	4416769	2	4422	4422
4416951	4417700	1	4423	4423
4417697	4418452	2	4424	4424
4418560	4419624	2	4425	4425
4419979	4421376	1	4426	4426
4421392	4421697	1	4427	4427
4421707	4422171	1	4428	4428
4422185	4422835	1	4429	4429
4422845	4423699	1	4430	4430
4423699	4424385	1	4431	4431
4424515	4424790	2	4432	4432
4425117	4425512	1	4433	4433
4425519	4425833	1	4434	4434
4425838	4426065	1	4435	4435
4426107	4426556	1	4436	4436
4426627	4427421	2	4437	4437
4427693	4428094	1	4438	4438
4428078	4428716	2	4439	4439
4428934	4429554	1	4440	4440
4429863	4431275	1	4441	4441
4431320	4431982	2	4442	4442
4432090	4433055	2	4443	4443
4433163	4434023	2	4444	4444
4434112	4434492	1	4445	4445
4434621	4436564	2	4446	4446
4436754	4437494	1	4447	4447
4437706	4438644	1	4448	4448
4438707	4439261	2	4449	4449
4439586	4439792	1	4450	4450
4439871	4441214	2	4451	4451
4441537	4442175	2	4452	4452
4442381	4444114	1	4453	4453
4444111	4447890	1	4454	4454
4447893	4448234	1	4455	4455
4448446	4448697	1	4456	4456
4448691	4449041	1	4457	4457
4449121	4449651	2	4458	4458
4449961	4450917	1	4459	4459
4451057	4452559	1	4460	4460
4452570	4453595	1	4461	4461
4453582	4454577	1	4462	4462
4454610	4455608	2	4463	4463
4455784	4457157	1	4464	4464
4457313	4457864	2	4465	4465
4457958	4459310	1	4466	4466
4459487	4459854	1	4467	4467
4459899	4460363	2	4468	4468
4460521	4462659	2	4469	4469
4463053	4464708	2	4470	4470
4464758	4466179	2	4471	4471
4466298	4467245	2	4472	4472
4467430	4467483	1	4473	4473
4467624	4470320	1	4474	4474
4470526	4470912	2	4475	4475
4470985	4471446	2	4476	4476
4471459	4472394	2	4477	4477
4472398	4472532	2	4478	4478
4472813	4473208	2	4479	4479
4473339	4474052	2	4480	4480
4474123	4474716	1	4481	4481
4474861	4475313	1	4482	4482
4475436	4477250	1	4483	4483
4477306	4478310	2	4484	4484
4478472	4478888	1	4485	4485
4479033	4479536	2	4486	4486
4479729	4480925	1	4487	4487
4480981	4483836	2	4488	4488
4483836	4484279	2	4489	4489
4484439	4485950	2	4490	4490
4486042	4486098	1	4491	4491
4486104	4486154	1	4492	4492
4486217	4487317	1	4493	4493
4487317	4488399	1	4494	4494
4488560	4490062	2	4495	4495
4490140	4491138	2	4496	4496
4491205	4492524	2	4497	4497
4492586	4493350	2	4498	4498
4493374	4494405	2	4499	4499
4494622	4495185	1	4500	4500
4495189	4496208	2	4501	4501
4496404	4496488	1	4502	4502
4496749	4497939	1	4503	4503
4498271	4498636	1	4504	4504
4498594	4499499	1	4505	4505
4499592	4500790	2	4506	4506
4501259	4501588	1	4507	4507
4502102	4503430	2	4508	4508
4504057	4505274	1	4509	4509
4505286	4506404	1	4510	4510
4506447	4506572	1	4511	4511
4506625	4506855	2	4512	4512
4506860	4507108	1	4513	4513
4507196	4509792	1	4514	4514
4507465	4508616	2	4515	4515
4508683	4508941	2	4516	4516
4509803	4510132	1	4517	4517
4510689	4511456	2	4518	4518
4511457	4512413	2	4519	4519
4512410	4513408	2	4520	4520
4513405	4514307	2	4521	4521
4514352	4516676	2	4522	4522
4516763	4517716	2	4523	4523
4517713	4518234	2	4524	4524
4518371	4518439	1	4525	4525
4518526	4518801	1	4526	4526
4518720	4519223	1	4527	4527
4519337	4520323	2	4528	4528
4520670	4522019	2	4529	4529
4522126	4524093	2	4530	4530
4524104	4525009	2	4531	4531
4525014	4525802	2	4532	4532
4526105	4526887	2	4533	4533
4526904	4527536	2	4534	4534
4527548	4527979	2	4535	4535
4527976	4528065	1	4536	4536
4528110	4528916	2	4537	4537
4528929	4530242	2	4538	4538
4530254	4530532	2	4539	4539
4530529	4531650	2	4540	4540
4532049	4532309	2	4541	4541
4532436	4533182	2	4542	4542
4533238	4533783	2	4543	4543
4533795	4534052	2	4544	4544
4534429	4534674	2	4545	4545
4535014	4536030	1	4546	4546
4536596	4536694	1	4547	4547
4536613	4537593	2	4548	4548
4537658	4538764	2	4549	4549
4538784	4539500	2	4550	4550
4540956	4541558	1	4551	4551
4542036	4542632	1	4552	4552
4543114	4543662	1	4553	4553
4543673	4543707	1	4554	4554
4543727	4544266	1	4555	4555
4544303	4545028	1	4556	4556
4545095	4547731	1	4557	4557
4547741	4548271	1	4558	4558
4548284	4548787	1	4559	4559
4548807	4549709	1	4560	4560
4549952	4551295	2	4561	4561
4551635	4552819	1	4562	4562
4552900	4554360	1	4563	4563
4554575	4555348	1	4564	4564
4555489	4556319	2	4565	4565
4556573	4556674	1	4566	4566
4556653	4556796	1	4567	4567
4556912	4556995	1	4568	4568
4556992	4557384	1	4569	4569
4557377	4558288	2	4570	4570
4558353	4559525	2	4571	4571
4559538	4559999	2	4572	4572
4559996	4560679	2	4573	4573
4560929	4561483	1	4574	4574
4561496	4562674	2	4575	4575
4562742	4563602	2	4576	4576
4563667	4563924	2	4577	4577
4563921	4564688	2	4578	4578
4564698	4565849	2	4579	4579
4565965	4567245	2	4580	4580
4567286	4568518	2	4581	4581
4568691	4568726	2	4582	4582
4568997	4569917	1	4583	4583
4570161	4571573	2	4584	4584
4571750	4571914	1	4585	4585
4572413	4573930	1	4586	4586
4574134	4576854	1	4587	4587
4576911	4577957	2	4588	4588
4577957	4579336	2	4589	4589
4579498	4579839	2	4590	4590
4579834	4579910	1	4591	4591
4580067	4581461	2	4592	4592
4581458	4583047	2	4593	4593
4583248	4586760	2	4594	4594
4586948	4587862	1	4595	4595
4587908	4588864	2	4596	4596
4588875	4589078	2	4597	4597
4589128	4591278	2	4598	4598
4591656	4593311	1	4599	4599
4593360	4594721	2	4600	4600
4594936	4595850	2	4601	4601
4595989	4597011	1	4602	4602
4597149	4599440	2	4603	4603
4599694	4600188	2	4604	4604
4600237	4600974	2	4605	4605
4600977	4601516	2	4606	4606
4601623	4602096	2	4607	4607
4602087	4602857	2	4608	4608
4603476	4604201	1	4609	4609
4604159	4604836	1	4610	4610
4604874	4605662	2	4611	4611
4605803	4606039	1	4612	4612
4606078	4606164	2	4613	4613
4606199	4606285	2	4614	4614
4606314	4606400	2	4615	4615
4606668	4607699	2	4616	4616
4607802	4608215	1	4617	4617
4608184	4608630	1	4618	4618
4608645	4609322	1	4619	4619
4609413	4611002	1	4620	4620
4611395	4612000	1	4621	4621
4612127	4612288	1	4622	4622
4612410	4613483	1	4623	4623
4613480	4614259	1	4624	4624
4614679	4615542	2	4625	4625
4615514	4617064	2	4626	4626
4617322	4618101	1	4627	4627
4618228	4619550	1	4628	4628
4619602	4620825	1	4629	4629
4620882	4621601	1	4630	4630
4621768	4623099	1	4631	4631
4623100	4624116	2	4632	4632
4624144	4624788	2	4633	4633
4624894	4625862	1	4634	4634
4625911	4627293	1	4635	4635
4627314	4628546	1	4636	4636
4628854	4630521	2	4637	4637
4630732	4632669	1	4638	4638
4632759	4633085	1	4639	4639
4633232	4633744	2	4640	4640
4633796	4634443	1	4641	4641
4634440	4635309	2	4642	4642
4635520	4635993	1	4643	4643
4636006	4636695	1	4644	4644
4636695	4638119	1	4645	4645
4638177	4639529	1	4646	4646
4639589	4640305	2	4647	4647
4640401	4640541	1	4648	4648
4640717	4640770	1	4649	4649
4640941	4641627	1	4650	4650
